id1,joinKey1,id2,joinKey2,jaccard
b000v7vz1u,"['onone', 'essentials', 'for', 'adobe', 'photoshop', 'elements', 'version', '2', 'full', 'onone', 'software']",http://www.google.com/base/feeds/snippets/17615743519264436737,"['onone', 'software', 'essentials', 'for', 'adobe', 'photoshop', 'elements', 'version', '2', 'full']",1
b00002s6sc,"['punch', '5', 'in', '1', 'home', 'design', 'punch', 'software']",http://www.google.com/base/feeds/snippets/11023384475486845617,"['punch', 'software', '20100', 'punch', '5', 'in', '1', 'home', 'design', 'punch', 'software']",0.875
b000ndibbo,"['adobe', 'indesign', 'cs3', 'upgrade', 'from', 'pagemaker', 'mac', 'adobe']",http://www.google.com/base/feeds/snippets/16934204320953872944,"['adobe', 'indesign', 'cs3', 'for', 'mac', 'upgrade', 'from', 'pagemaker']",0.875
b000jx1kma,"['aircraft', 'power', 'pack', 'for', 'ms', 'flight', 'simulator', 'red', 'mile']",http://www.google.com/base/feeds/snippets/18356272944058818376,"['red', 'mile', 'entertainment', '124', 'aircraft', 'power', 'pack', 'for', 'ms', 'flight', 'simulator', 'win', '98', 'me', 'nt', '2000', 'xp']",0.529411765
b000ndibge,"['adobe', 'creative', 'suite', 'cs3', 'web', 'standard', 'mac', 'adobe']",http://www.google.com/base/feeds/snippets/1227473479709404023,"['adobe', 'cs3', 'web', 'standard']",0.571428571
b000licg1m,"['power', 'production', 'storyboard', 'artist', '4', 'power', 'production']",http://www.google.com/base/feeds/snippets/6070036801370348429,"['power', 'production', 'power', 'production', 'storyboard', 'artist', 'software', 'animation', 'software']",0.571428571