{
    "version": 1,
    "request": {
        "url": "https://api.ebird.org/v2/ref/adjacent/{regionCode}",
        "method": "GET",
        "authorization": {
            "type": "Header",
            "keyName": "X-eBirdApiToken"
        },
        "params": {

        }
    },
    "response": {
        "ctype": "application/json",
        "tablePath": "$[*]",
        "schema": {
            "code": {
                "target": "$.code",
                "type": "string"
            },
            "name": {
                "target": "$.name",
                "type": "string"
            }
        },
        "orient": "records"
    }
}
