{
    "version": 1,
    "request": {
        "url": "https://api.ebird.org/v2/ref/hotspot/info/{locId}",
        "method": "GET",
        "authorization": {
            "type": "Header",
            "keyName": "X-eBirdApiToken"
        },
        "params": {}
    },
    "response": {
        "ctype": "application/json",
        "tablePath": "$[*]",
        "schema": {
            "locId": { "target": "locId", "type": "string" },
            "name": { "target": "name", "type": "string" },
            "latitude": { "target": "latitude", "type": "float" },
            "longitude": { "target": "longitude", "type": "float" },
            "countryCode": { "target": "countryCode", "type": "string" },
            "countryName": { "target": "countryName", "type": "string" },
            "subnational1Name": {
                "target": "subnational1Name",
                "type": "string"
            },
            "subnational1Code": {
                "target": "subnational1Code",
                "type": "string"
            },
            "subnational2Code": {
                "target": "subnational2Code",
                "type": "string"
            },
            "subnational2Name": {
                "target": "subnational2Name",
                "type": "string"
            },
            "isHotspot": { "target": "isHotspot", "type": "boolean" },
            "hierarchicalName": {
                "target": "hierarchicalName",
                "type": "string"
            },
            "locID": {
                "target": "locID",
                "type": "string"
            }
        },
        "orient": "records"
    }
}
