{
    "version": 1,
    "request": {
        "url": "https://api.ebird.org/v2/product/top100/{regionCode}/{y}/{m}/{d}",
        "method": "GET",
        "authorization": {
            "type": "Header",
            "keyName": "X-eBirdApiToken"
        },
        "params": {
            "rankedBy": false,
            "maxResults": false
        }
    },
    "response": {
        "ctype": "application/json",
        "tablePath": "$[*]",
        "schema": {
            "profileHandle": {
                "target": "$.profileHandle",
                "type": "string"
            },
            "userDisplayName": {
                "target": "$.userDisplayName",
                "type": "string"
            },
            "numSpecies": {
                "target": "$.numSpecies",
                "type": "int"
            },
            "numCompleteChecklists": {
                "target": "$.numCompleteChecklists",
                "type": "int"
            },
            "rowNum": {
                "target": "$.rowNum",
                "type": "int"
            },
            "userId": {
                "target": "$.userId",
                "type": "string"
            }
        },
        "orient": "records"
    }
}
