{
    "version": 1,
    "request": {
        "url": "https://api.ebird.org/v2/data/obs/geo/recent?lat={lat}&lng={lng}",
        "method": "GET",
        "authorization": {
            "type": "Header",
            "keyName": "X-eBirdApiToken"
        },
        "params": {
            "back": false,
            "cat": false,
            "hotspot": false,
            "includeProvisional": false,
            "maxResults": false,
            "r": false,
            "sppLocale": false
        }
    },
    "response": {
        "ctype": "application/json",
        "tablePath": "$[*]",
        "schema": {
            "speciesCode": {
                "target": "$.speciesCode",
                "type": "string"
            },
            "comName": {
                "target": "$.comName",
                "type": "string"
            },
            "sciName": {
                "target": "$.sciName",
                "type": "string"
            },
            "locId": {
                "target": "$.locId",
                "type": "string"
            },
            "locName": {
                "target": "$.locName",
                "type": "string"
            },
            "obsDt": {
                "target": "$.obsDt",
                "type": "string"
            },
            "howMany": {
                "target": "$.howMany",
                "type": "int"
            },
            "lat": {
                "target": "$.lat",
                "type": "float"
            },
            "lng": {
                "target": "$.lng",
                "type": "float"
            },
            "obsValid": {
                "target": "$.obsValid",
                "type": "boolean"
            },
            "obsReviewed": {
                "target": "$.obsReviewed",
                "type": "boolean"
            },
            "locationPrivate": {
                "target": "$.locationPrivate",
                "type": "boolean"
            },
            "subId": {
                "target": "$.subId",
                "type": "string"
            }
        },
        "orient": "records"
    }
}
