{
    "version": 1,
    "request": {
        "url": "https://api.ebird.org/v2/ref/region/info/{regionCode}",
        "method": "GET",
        "authorization": {
            "type": "Header",
            "keyName": "X-eBirdApiToken"
        },
        "params": {
            "regionNameFormat": false,
            "delim": false
        }
    },
    "response": {
        "ctype": "application/json",
        "tablePath": "$[*]",
        "schema": {
            "result": {
                "target": "result",
                "type": "string"
            },
            "bounds": {
                "target": "bounds",
                "type": "object"
            }
        },
        "orient": "records"
    }
}
