{
    "version": 1,
    "request": {
        "url": "https://api.ebird.org/v2/product/spplist/{regionCode}",
        "method": "GET",
        "authorization": {
            "type": "Header",
            "keyName": "X-eBirdApiToken"
        },
        "params": {
            "back": false,
            "cat": false,
            "hotspot": false,
            "includeProvisional": false,
            "maxResults": false,
            "r": false,
            "sppLocale": false
        }
    },
    "response": {
        "ctype": "application/json",
        "tablePath": "$[*]",
        "schema": {
            
        },
        "orient": "records"
    }
}
