{
    "version": 1,
    "request": {
        "url": "https://api.ebird.org/v2/ref/taxonomy/ebird",
        "method": "GET",
        "authorization": {
            "type": "Header",
            "keyName": "X-eBirdApiToken"
        },
        "params": {
            "cat": false,
            "fmt": false,
            "locale": false,
            "species": false,
            "version": false
        }
    },
    "response": {
        "ctype": "application/json",
        "tablePath": "$[*]",
        "schema": {
            "sciName": { "target": "sciName", "type": "string" },
            "comName": { "target": "comName", "type": "string" },
            "speciesCode": { "target": "speciesCode", "type": "string" },
            "category": { "target": "category", "type": "string" },
            "taxonOrder": { "target": "taxonOrder", "type": "int" },
            "bandingCodes": { "target": "bandingCodes", "type": "list" },
            "comNameCodes": { "target": "comNameCodes", "type": "list" },
            "sciNameCodes": { "target": "sciNameCodes", "type": "list" },
            "order": { "target": "order", "type": "string" },
            "familyCode": { "target": "familyCode", "type": "string" },
            "familyComName": { "target": "familyComName", "type": "string" },
            "familySciName": { "target": "familySciName", "type": "string" }
        },
        "orient": "records"
    }
}
