idAmazon,idGoogle
b000jz4hqo,http://www.google.com/base/feeds/snippets/18441480711193821750
b00004tkvy,http://www.google.com/base/feeds/snippets/18441110047404795849
b000g80lqo,http://www.google.com/base/feeds/snippets/18441188461196475272
b0006se5bq,http://www.google.com/base/feeds/snippets/18428750969726461849
b00021xhzw,http://www.google.com/base/feeds/snippets/18430621475529168165
b0000dbykm,http://www.google.com/base/feeds/snippets/18434163358494173665
b0000dbykm,http://www.google.com/base/feeds/snippets/18363672170449359273
b00029bqa2,http://www.google.com/base/feeds/snippets/18431790997623472871
b0007prnjo,http://www.google.com/base/feeds/snippets/18434733520229761009
b000i82j80,http://www.google.com/base/feeds/snippets/18434262004669557918
b000i82j80,http://www.google.com/base/feeds/snippets/6054765746746674194
b000in6u62,http://www.google.com/base/feeds/snippets/18434616791723899127
b00006hvvo,http://www.google.com/base/feeds/snippets/3409784122469217433
b00006hvvo,http://www.google.com/base/feeds/snippets/9687887699930800156
b0000ycfcw,http://www.google.com/base/feeds/snippets/321181551780335576
b00066dd5m,http://www.google.com/base/feeds/snippets/949436197920820923
b00002sac9,http://www.google.com/base/feeds/snippets/8401993747038150345
b000bcz8ng,http://www.google.com/base/feeds/snippets/3077454195131808819
b000fm18vi,http://www.google.com/base/feeds/snippets/3620383930983735395
b00009apna,http://www.google.com/base/feeds/snippets/3435680088823178198
b0009rgzgm,http://www.google.com/base/feeds/snippets/1883379429602083103
b000ap2wyw,http://www.google.com/base/feeds/snippets/2622452102774676117
b000o24l3q,http://www.google.com/base/feeds/snippets/5181661570525386541
b000o24l3q,http://www.google.com/base/feeds/snippets/9489728552695383239
b0009jlux8,http://www.google.com/base/feeds/snippets/4923451909983851979
b000cszg2m,http://www.google.com/base/feeds/snippets/5032391174084349054
b00023azve,http://www.google.com/base/feeds/snippets/4949402291543451335
b000ndicuy,http://www.google.com/base/feeds/snippets/2263647849333008264
b0000ycfdq,http://www.google.com/base/feeds/snippets/4188176128903497851
b0007yepy6,http://www.google.com/base/feeds/snippets/4783370532123880956
b000cpmtwk,http://www.google.com/base/feeds/snippets/1417708435719198149
b0002qnd2y,http://www.google.com/base/feeds/snippets/975032998818002648
b000h22pg8,http://www.google.com/base/feeds/snippets/392494394952738157
b0009h9q1i,http://www.google.com/base/feeds/snippets/5665024204886410
b000cqyclu,http://www.google.com/base/feeds/snippets/1695089910833084773
b0001db6i6,http://www.google.com/base/feeds/snippets/12904825904608701558
b000bl40dg,http://www.google.com/base/feeds/snippets/10381298233088883938
b000h22rbg,http://www.google.com/base/feeds/snippets/10500380486679990055
b000bezsyi,http://www.google.com/base/feeds/snippets/10911853136488554482
b0007g9760,http://www.google.com/base/feeds/snippets/11567429261409321598
b0001bg5gq,http://www.google.com/base/feeds/snippets/11618158047568311763
b000ivhozk,http://www.google.com/base/feeds/snippets/12543046747030237240
b000buqo9a,http://www.google.com/base/feeds/snippets/12604725900103506627
b00032heya,http://www.google.com/base/feeds/snippets/6195321262763979528
b000butd6q,http://www.google.com/base/feeds/snippets/6990565128537638388
b00032hexq,http://www.google.com/base/feeds/snippets/6856336028258284106
b000b6vlh4,http://www.google.com/base/feeds/snippets/10993073455692001778
b0009i9tqy,http://www.google.com/base/feeds/snippets/8804538687114603592
b00024yohy,http://www.google.com/base/feeds/snippets/9205821354688722990
b00020633g,http://www.google.com/base/feeds/snippets/5720091777255380975
b000cbqbby,http://www.google.com/base/feeds/snippets/5968511357343083164
b0002x1omi,http://www.google.com/base/feeds/snippets/7039940734695244235
b0009stm6g,http://www.google.com/base/feeds/snippets/7117788517647646539
b000ap0h94,http://www.google.com/base/feeds/snippets/7651654029530591686
b0000ycfe0,http://www.google.com/base/feeds/snippets/8175198959985911471
b00006j02n,http://www.google.com/base/feeds/snippets/18268949289189904876
b0000aka82,http://www.google.com/base/feeds/snippets/15883771067913561390
b00002s8if,http://www.google.com/base/feeds/snippets/17110430434010171078
b0009ren8e,http://www.google.com/base/feeds/snippets/18152695793777845265
b000a3x6te,http://www.google.com/base/feeds/snippets/16407653863068941558
b000bnb72g,http://www.google.com/base/feeds/snippets/17010841797296818807
b000ap422c,http://www.google.com/base/feeds/snippets/15918748426604243470
b000098xjo,http://www.google.com/base/feeds/snippets/16361312648941715869
b000314vvu,http://www.google.com/base/feeds/snippets/18384366678790095384
b000fa5ens,http://www.google.com/base/feeds/snippets/18384136689746651786
b0002e3g6o,http://www.google.com/base/feeds/snippets/18384557845547191313
b0007iqg2q,http://www.google.com/base/feeds/snippets/18383108968754488314
b000099sin,http://www.google.com/base/feeds/snippets/18383594456090582739
b000hj9r3u,http://www.google.com/base/feeds/snippets/18422892267475594445
b0007yll20,http://www.google.com/base/feeds/snippets/18425596514092797479
b0007yll20,http://www.google.com/base/feeds/snippets/18431066094306345892
b0000ak7c5,http://www.google.com/base/feeds/snippets/18424334149556003404
b000162zp6,http://www.google.com/base/feeds/snippets/18423412970630780827
b000i84dsy,http://www.google.com/base/feeds/snippets/18427191929555331953
b000gaoo7y,http://www.google.com/base/feeds/snippets/18384280629938052082
b00008ajjc,http://www.google.com/base/feeds/snippets/18424464601572004274
b000jj4fbw,http://www.google.com/base/feeds/snippets/18427202789383020961
b000kmcf0g,http://www.google.com/base/feeds/snippets/18420491833696681736
b000ozibhk,http://www.google.com/base/feeds/snippets/18418631443367666576
b000h774k0,http://www.google.com/base/feeds/snippets/18419564278412211145
b000162zq0,http://www.google.com/base/feeds/snippets/18424247759201075212
b0006g2wke,http://www.google.com/base/feeds/snippets/18422068306669698354
b000qs8n64,http://www.google.com/base/feeds/snippets/18422266773656246362
b000cpshfs,http://www.google.com/base/feeds/snippets/18422327928504968692
b000ehq008,http://www.google.com/base/feeds/snippets/18415416380788323186
b000f7ixx4,http://www.google.com/base/feeds/snippets/18416260775952371893
b000f7ixx4,http://www.google.com/base/feeds/snippets/18406460610458325212
b000brgbpa,http://www.google.com/base/feeds/snippets/18413484739795948632
b0000c6fjm,http://www.google.com/base/feeds/snippets/18413075895200367717
b00005yx8i,http://www.google.com/base/feeds/snippets/18417819850768172148
b000hkgj8k,http://www.google.com/base/feeds/snippets/18417354130985846422
b0002719lk,http://www.google.com/base/feeds/snippets/18416093365515680633
b00006h38u,http://www.google.com/base/feeds/snippets/18406000514365649458
b000lu8a10,http://www.google.com/base/feeds/snippets/18406653450238248367
b0006oei8u,http://www.google.com/base/feeds/snippets/18409822956112890125
b000f613x2,http://www.google.com/base/feeds/snippets/18428018889032699615
b000p9cr34,http://www.google.com/base/feeds/snippets/18421148872586071492
b000j4k804,http://www.google.com/base/feeds/snippets/18411875162562199123
b00008mopv,http://www.google.com/base/feeds/snippets/16621550764866327052
b000nwsclo,http://www.google.com/base/feeds/snippets/18404168006486239466
b000ek6ekq,http://www.google.com/base/feeds/snippets/18404187604346548446
b0008ews9o,http://www.google.com/base/feeds/snippets/18354430457145981051
b0009y6f0g,http://www.google.com/base/feeds/snippets/18404319188505755669
b000g017kg,http://www.google.com/base/feeds/snippets/18405135648098652581
b0006g31i6,http://www.google.com/base/feeds/snippets/18405362244680246986
b000i2qubi,http://www.google.com/base/feeds/snippets/12835181529749808477
b000qfqa1w,http://www.google.com/base/feeds/snippets/18405745276041721942
b000056b62,http://www.google.com/base/feeds/snippets/18446496383812786183
b000fbk6gc,http://www.google.com/base/feeds/snippets/18446612824766852081
b0007d8es0,http://www.google.com/base/feeds/snippets/18445465727364031756
b0006z16qq,http://www.google.com/base/feeds/snippets/18445827127704822533
b0002w37x8,http://www.google.com/base/feeds/snippets/18444171148464728826
b0006g31ao,http://www.google.com/base/feeds/snippets/18445341039052694828
b00005atxo,http://www.google.com/base/feeds/snippets/11430069725574750424
b000eavbdq,http://www.google.com/base/feeds/snippets/18443105453266961029
b000ozhfsq,http://www.google.com/base/feeds/snippets/18438075297130458214
b000ozhfsq,http://www.google.com/base/feeds/snippets/9997282084409978802
b000083k83,http://www.google.com/base/feeds/snippets/18439030063794622523
b0002bqqxw,http://www.google.com/base/feeds/snippets/18436194751131787997
b000e6q3em,http://www.google.com/base/feeds/snippets/18435517580056006507
b0009hmx36,http://www.google.com/base/feeds/snippets/18435954901092427938
b0006g2zce,http://www.google.com/base/feeds/snippets/16821958940203637711
b000jx3qxq,http://www.google.com/base/feeds/snippets/18435579466587005010
b000jx3qxq,http://www.google.com/base/feeds/snippets/13304616444690819122
b0000y7wc0,http://www.google.com/base/feeds/snippets/18438098517069192631
b000jbxxtk,http://www.google.com/base/feeds/snippets/18377982787934617712
b000s8jxpc,http://www.google.com/base/feeds/snippets/18415890873747923115
b0009zhg8k,http://www.google.com/base/feeds/snippets/18403568462989725383
b000e5n0mg,http://www.google.com/base/feeds/snippets/18400554570218912442
b000e5n0mg,http://www.google.com/base/feeds/snippets/10008484121273338467
b00079pmwa,http://www.google.com/base/feeds/snippets/18400846626733696167
b0000dzfvd,http://www.google.com/base/feeds/snippets/18398703861878507186
b000i2jd0s,http://www.google.com/base/feeds/snippets/18393898679155461769
b00099qrok,http://www.google.com/base/feeds/snippets/9755705822363275907
b000068xl9,http://www.google.com/base/feeds/snippets/18398774476993389905
b000bi7uqs,http://www.google.com/base/feeds/snippets/18403148885652932189
b0006g2wr2,http://www.google.com/base/feeds/snippets/18403352308945312678
b000hvtk9e,http://www.google.com/base/feeds/snippets/18400163697429940544
b000jjrwas,http://www.google.com/base/feeds/snippets/18400264612493053038
b000jx29wa,http://www.google.com/base/feeds/snippets/18403866794415896226
b00063blg8,http://www.google.com/base/feeds/snippets/18399719239824156071
b0002bqrq8,http://www.google.com/base/feeds/snippets/18386073325514862606
b000ecoami,http://www.google.com/base/feeds/snippets/18389952572089446651
b000067vpa,http://www.google.com/base/feeds/snippets/18389772286278704810
b0006b4zr2,http://www.google.com/base/feeds/snippets/18387344743770716829
b000aly75i,http://www.google.com/base/feeds/snippets/18391095906680955632
b000a7mfn8,http://www.google.com/base/feeds/snippets/18387170188665857199
b000hlt57q,http://www.google.com/base/feeds/snippets/18385266399097496621
b000fepvcs,http://www.google.com/base/feeds/snippets/18395637668335924867
b0000y7wck,http://www.google.com/base/feeds/snippets/18395209041486825295
b000gv8u32,http://www.google.com/base/feeds/snippets/18395632346791388859
b000btas3y,http://www.google.com/base/feeds/snippets/18393736281334607132
b000qv5xqy,http://www.google.com/base/feeds/snippets/18391914133104937904
b000bw7kxw,http://www.google.com/base/feeds/snippets/18392335669009428265
b0007q7mg2,http://www.google.com/base/feeds/snippets/13558726664717453661
b0007q7mg2,http://www.google.com/base/feeds/snippets/13029285540855383313
b000b5ue6y,http://www.google.com/base/feeds/snippets/18392141725886908183
b000ndibaa,http://www.google.com/base/feeds/snippets/3285016045940957596
b0001wn1ee,http://www.google.com/base/feeds/snippets/12776057589362570320
b000jgf410,http://www.google.com/base/feeds/snippets/9949258255997064102
b000hcl5sm,http://www.google.com/base/feeds/snippets/12905177887993533095
b0000cg4ah,http://www.google.com/base/feeds/snippets/18417940197818815384
b000e8jl80,http://www.google.com/base/feeds/snippets/16064170791328826375
b000coxs30,http://www.google.com/base/feeds/snippets/18397190495511936667
b0001y7poo,http://www.google.com/base/feeds/snippets/8489592412659021834
b0001y7poo,http://www.google.com/base/feeds/snippets/4468026794504477734
b000ndibq4,http://www.google.com/base/feeds/snippets/7928058720709111960
b000ndibq4,http://www.google.com/base/feeds/snippets/2461116331238857888
b000ndibci,http://www.google.com/base/feeds/snippets/5536147337142384196
b000j00xf8,http://www.google.com/base/feeds/snippets/2828778266734579385
b000hlp5do,http://www.google.com/base/feeds/snippets/4835538995422992772
b000edkurg,http://www.google.com/base/feeds/snippets/13699037964945038111
b000kzf7oo,http://www.google.com/base/feeds/snippets/18395554978346558556
b000e8jlai,http://www.google.com/base/feeds/snippets/18364244585954350504
b000e8jlai,http://www.google.com/base/feeds/snippets/8918859484248831701
b000hc0m36,http://www.google.com/base/feeds/snippets/12949835105262366018
b0008ewsai,http://www.google.com/base/feeds/snippets/10066664236286478958
b00009adf3,http://www.google.com/base/feeds/snippets/12203635138191657547
b00009adf3,http://www.google.com/base/feeds/snippets/10843999530069218918
b00009apn8,http://www.google.com/base/feeds/snippets/17298617365180292947
b000rwdd9q,http://www.google.com/base/feeds/snippets/13813465547037122851
b000pihtec,http://www.google.com/base/feeds/snippets/13778334917246964953
b0002bqqtq,http://www.google.com/base/feeds/snippets/12603976278153658661
b000rw9md2,http://www.google.com/base/feeds/snippets/14209929007229153860
b000in18nm,http://www.google.com/base/feeds/snippets/12354599434001970846
b000098xiy,http://www.google.com/base/feeds/snippets/12991839860010855049
b000c55alw,http://www.google.com/base/feeds/snippets/10177129616064822618
b000h20hu4,http://www.google.com/base/feeds/snippets/11816902045207686274
b0009yegcu,http://www.google.com/base/feeds/snippets/12024241460287341882
b00061u8sc,http://www.google.com/base/feeds/snippets/12121003713992255160
b000i2y0cy,http://www.google.com/base/feeds/snippets/1528326579184485637
b000ndemb2,http://www.google.com/base/feeds/snippets/9858798962478264497
b000fzvv3u,http://www.google.com/base/feeds/snippets/9675508034468866052
b000h14rqk,http://www.google.com/base/feeds/snippets/18177463782265275234
b000h14rqk,http://www.google.com/base/feeds/snippets/10090208868795399315
b000ffsgga,http://www.google.com/base/feeds/snippets/9487354196638610375
b000e8jlda,http://www.google.com/base/feeds/snippets/14794198635011271295
b000fzxiou,http://www.google.com/base/feeds/snippets/12642359421626863460
b0002h6x34,http://www.google.com/base/feeds/snippets/4823291609006887387
b0001gjc52,http://www.google.com/base/feeds/snippets/13642535173107321529
b000bcgfe2,http://www.google.com/base/feeds/snippets/6801077797933253662
b000e8jl7q,http://www.google.com/base/feeds/snippets/4682448981783641744
b000lu89xy,http://www.google.com/base/feeds/snippets/13831527178214062853
b000gknmd6,http://www.google.com/base/feeds/snippets/1088964682231544841
b000qtu1ay,http://www.google.com/base/feeds/snippets/18391195855196917401
b000he35ss,http://www.google.com/base/feeds/snippets/11153480872220659485
b000exs488,http://www.google.com/base/feeds/snippets/11143055459495586546
b000egwc42,http://www.google.com/base/feeds/snippets/18427221955987040627
b000q1n7du,http://www.google.com/base/feeds/snippets/10720887667449998069
b000ndibnc,http://www.google.com/base/feeds/snippets/16406760233183606059
b000cqnjim,http://www.google.com/base/feeds/snippets/10662427062723563235
b000h5j4ka,http://www.google.com/base/feeds/snippets/11343247749866294908
b000e15nhk,http://www.google.com/base/feeds/snippets/11343247749866294908
b000fzz73u,http://www.google.com/base/feeds/snippets/11404711258824251475
b000hkpb3e,http://www.google.com/base/feeds/snippets/11022538834870557563
b000k7ving,http://www.google.com/base/feeds/snippets/13468530879861986847
b000ga99ry,http://www.google.com/base/feeds/snippets/13264093951540339583
b000epcfz4,http://www.google.com/base/feeds/snippets/13118744398423334173
b000o39u3g,http://www.google.com/base/feeds/snippets/13023052343955574084
b000hlv6mi,http://www.google.com/base/feeds/snippets/10688959294324458483
b0000afu4e,http://www.google.com/base/feeds/snippets/10376000923691891679
b000jgw9ae,http://www.google.com/base/feeds/snippets/10471177135649344162
b000hlr9my,http://www.google.com/base/feeds/snippets/18368153783802816439
b000hlr9my,http://www.google.com/base/feeds/snippets/2255189038262879768
b000fzz730,http://www.google.com/base/feeds/snippets/10105070429318394420
b000r1g844,http://www.google.com/base/feeds/snippets/13637950682292849732
b000exq2cs,http://www.google.com/base/feeds/snippets/9463842250533836611
b000ozjtoo,http://www.google.com/base/feeds/snippets/13637950682292849732
b000099sie,http://www.google.com/base/feeds/snippets/12471937113581397461
b0001wn0li,http://www.google.com/base/feeds/snippets/18379653518269884966
b000j6dues,http://www.google.com/base/feeds/snippets/12495037922890432173
b0006ni698,http://www.google.com/base/feeds/snippets/11865417944403325412
b000he4riu,http://www.google.com/base/feeds/snippets/12068923163500219493
b00070ouja,http://www.google.com/base/feeds/snippets/13771177133224281760
b000eplmpi,http://www.google.com/base/feeds/snippets/13683578637114771147
b000nknb62,http://www.google.com/base/feeds/snippets/13773294714940805969
b000aa8796,http://www.google.com/base/feeds/snippets/13804410937823415271
b00009m8ur,http://www.google.com/base/feeds/snippets/13743628234242373469
b000frttvy,http://www.google.com/base/feeds/snippets/10497976503252074561
b0007d8r5k,http://www.google.com/base/feeds/snippets/13775362651326388438
b000e8jlbw,http://www.google.com/base/feeds/snippets/3597076779822744306
b000fzxisg,http://www.google.com/base/feeds/snippets/13727078323480476968
b000fzxisg,http://www.google.com/base/feeds/snippets/10282477376383378142
b0008ews6w,http://www.google.com/base/feeds/snippets/11041238021562109147
b000exw510,http://www.google.com/base/feeds/snippets/9551528510942983552
b000fzz76m,http://www.google.com/base/feeds/snippets/9505595690175506725
b00062ak2k,http://www.google.com/base/feeds/snippets/18376072611700638452
b000eqazb4,http://www.google.com/base/feeds/snippets/12965745281480952652
b000kmehha,http://www.google.com/base/feeds/snippets/11463298814554093369
b000ndibws,http://www.google.com/base/feeds/snippets/9484979283744840884
b000hlp64w,http://www.google.com/base/feeds/snippets/11554840496283672285
b000bddf08,http://www.google.com/base/feeds/snippets/11443016597547288676
b000evo8h6,http://www.google.com/base/feeds/snippets/18368735287693525011
b000lv6pyi,http://www.google.com/base/feeds/snippets/18367889369421729693
b00005ld1r,http://www.google.com/base/feeds/snippets/18367097829354438075
b0006g2vk0,http://www.google.com/base/feeds/snippets/18365507478568694929
b000gkli0a,http://www.google.com/base/feeds/snippets/6426816868919758079
b000fbgapi,http://www.google.com/base/feeds/snippets/18364140307508478752
b000qgixde,http://www.google.com/base/feeds/snippets/18360307000127444765
b000oziaz8,http://www.google.com/base/feeds/snippets/15207825953028155236
b00008mnxr,http://www.google.com/base/feeds/snippets/13582930230756997101
b000fnevhk,http://www.google.com/base/feeds/snippets/18358728426530670777
b000kg86b4,http://www.google.com/base/feeds/snippets/18360175926672582960
b00097iaym,http://www.google.com/base/feeds/snippets/18354270349835110075
b000ivfciq,http://www.google.com/base/feeds/snippets/18355044473505180786
b000ivfciq,http://www.google.com/base/feeds/snippets/12151689484559213261
b000jx1kma,http://www.google.com/base/feeds/snippets/18356272944058818376
b000a6na6a,http://www.google.com/base/feeds/snippets/18355630027419003625
b000a3ky4e,http://www.google.com/base/feeds/snippets/18356638685856745200
b000aoz7fo,http://www.google.com/base/feeds/snippets/18353566070605982375
b0006g2tum,http://www.google.com/base/feeds/snippets/18352674914916743912
b000icpfmi,http://www.google.com/base/feeds/snippets/14325412592062687221
b0007yepyg,http://www.google.com/base/feeds/snippets/14284530408597272725
b00032heyk,http://www.google.com/base/feeds/snippets/14100958400236899770
b0000ycfdg,http://www.google.com/base/feeds/snippets/13728717906019565465
b0009y6f56,http://www.google.com/base/feeds/snippets/13392915442415544255
b000cbn9aa,http://www.google.com/base/feeds/snippets/13143355002649939201
b000cpshia,http://www.google.com/base/feeds/snippets/14493833507639383996
b000922dwc,http://www.google.com/base/feeds/snippets/15297739858013318917
b000ogsgym,http://www.google.com/base/feeds/snippets/15551866173776009457
b000b0gzu8,http://www.google.com/base/feeds/snippets/14443748429238960679
b00062ujhg,http://www.google.com/base/feeds/snippets/14762714779654278826
b000hed3f8,http://www.google.com/base/feeds/snippets/15401280256033043239
b000enucvk,http://www.google.com/base/feeds/snippets/3437735654737897918
b00032hey0,http://www.google.com/base/feeds/snippets/13776469109811872414
b000bckmaa,http://www.google.com/base/feeds/snippets/13796906802854864998
b000dz964i,http://www.google.com/base/feeds/snippets/18379602755577753525
b0002r74a0,http://www.google.com/base/feeds/snippets/18380144380139373224
b000nknb44,http://www.google.com/base/feeds/snippets/5978521375376689048
b000ehpzxq,http://www.google.com/base/feeds/snippets/18381050378194058330
b000fkd3cc,http://www.google.com/base/feeds/snippets/18388829675891326365
b00030cbu4,http://www.google.com/base/feeds/snippets/18379664802687261824
b000ndibh8,http://www.google.com/base/feeds/snippets/2261905427242154693
b000euhk3g,http://www.google.com/base/feeds/snippets/14356986779854403622
b000cditbc,http://www.google.com/base/feeds/snippets/18377490087458020504
b000krd3bq,http://www.google.com/base/feeds/snippets/10299611596430222322
b000krd3bq,http://www.google.com/base/feeds/snippets/17596883596074762243
b000gwkol2,http://www.google.com/base/feeds/snippets/18376303388125635572
b000nvkyse,http://www.google.com/base/feeds/snippets/1492097838915695810
b00006rgnx,http://www.google.com/base/feeds/snippets/6732814497585724663
b000qctqne,http://www.google.com/base/feeds/snippets/18375765231096501819
b000bnkbdm,http://www.google.com/base/feeds/snippets/18374143831267894200
b000i84dts,http://www.google.com/base/feeds/snippets/18373254644070862441
b000aa87pu,http://www.google.com/base/feeds/snippets/18373688292230003205
b000ivkrvs,http://www.google.com/base/feeds/snippets/15664992944977677730
b000ozia62,http://www.google.com/base/feeds/snippets/648205874217332044
b000lpc8t0,http://www.google.com/base/feeds/snippets/11831542288207686462
b0002c3vqq,http://www.google.com/base/feeds/snippets/18371416588940021581
b00009v7hf,http://www.google.com/base/feeds/snippets/18373045261595979693
b0007d8esa,http://www.google.com/base/feeds/snippets/18368896632826907002
b0006b64v2,http://www.google.com/base/feeds/snippets/18369825056478487049
b000qjrska,http://www.google.com/base/feeds/snippets/18371727039035112852
b000bt8trg,http://www.google.com/base/feeds/snippets/11826731647881867985
b000ov0gao,http://www.google.com/base/feeds/snippets/18371601730045221642
b000088ner,http://www.google.com/base/feeds/snippets/4776201646741876078
b000088ner,http://www.google.com/base/feeds/snippets/1347968736695236641
b0009yx9by,http://www.google.com/base/feeds/snippets/5238862557893361196
b000mfgx7w,http://www.google.com/base/feeds/snippets/18416264451031093966
b00005op44,http://www.google.com/base/feeds/snippets/18381906790026125106
b000bwbtwu,http://www.google.com/base/feeds/snippets/6205544377126393085
b000emgcxs,http://www.google.com/base/feeds/snippets/18384214908341178781
b0001iqnc0,http://www.google.com/base/feeds/snippets/18240279639195527181
b0001iqnc0,http://www.google.com/base/feeds/snippets/14425804478665246948
b000b6kxfa,http://www.google.com/base/feeds/snippets/8894150903607310427
b000bndghk,http://www.google.com/base/feeds/snippets/18427441766979913551
b000e8jlas,http://www.google.com/base/feeds/snippets/1532472446439845707
b00009qenn,http://www.google.com/base/feeds/snippets/9685584718207146115
b0001h9l5m,http://www.google.com/base/feeds/snippets/15812045656958608251
b0009xb12o,http://www.google.com/base/feeds/snippets/18396354299258717606
b000i8od4i,http://www.google.com/base/feeds/snippets/18213081663134894535
b00004nhn7,http://www.google.com/base/feeds/snippets/18434385825570199468
b00062jdka,http://www.google.com/base/feeds/snippets/9616317575612495489
b00022ptt8,http://www.google.com/base/feeds/snippets/10568264795540984053
b000bwbu6u,http://www.google.com/base/feeds/snippets/6282886480523973402
b000bgtv80,http://www.google.com/base/feeds/snippets/11711993756559182415
b000bgtv80,http://www.google.com/base/feeds/snippets/10623432141570708774
b000o27t8a,http://www.google.com/base/feeds/snippets/18341451742874553099
b000ndib6y,http://www.google.com/base/feeds/snippets/11553460726656084647
b000ndib6y,http://www.google.com/base/feeds/snippets/13659935621775890962
b0001wn0ky,http://www.google.com/base/feeds/snippets/16388256207576026986
b000q6zk3a,http://www.google.com/base/feeds/snippets/18371419521576660155
b000bhq5jw,http://www.google.com/base/feeds/snippets/18436637620422411542
b000hcz8gc,http://www.google.com/base/feeds/snippets/9807438286656285076
b000hctyte,http://www.google.com/base/feeds/snippets/7882287499485291732
b000bx24o6,http://www.google.com/base/feeds/snippets/14415907760923977024
b000bx24o6,http://www.google.com/base/feeds/snippets/17938513699320393589
b000mtebtu,http://www.google.com/base/feeds/snippets/7898902077337932386
b000hlt4y0,http://www.google.com/base/feeds/snippets/11831542288207686462
b000hbys5k,http://www.google.com/base/feeds/snippets/5250375660251099807
b000hbys5k,http://www.google.com/base/feeds/snippets/13631557261313424700
b000h11f9c,http://www.google.com/base/feeds/snippets/18422623903556262295
b0006n99k8,http://www.google.com/base/feeds/snippets/17425291246427623053
b00008mnxq,http://www.google.com/base/feeds/snippets/18380054536947094037
b000hc0lw8,http://www.google.com/base/feeds/snippets/16714036815187031033
b000hc0lw8,http://www.google.com/base/feeds/snippets/16573354058682977088
b0002b0qfg,http://www.google.com/base/feeds/snippets/11267581873345425673
b000ej9w0q,http://www.google.com/base/feeds/snippets/10299611596430222322
b000ej9w0q,http://www.google.com/base/feeds/snippets/17596883596074762243
b0007lw230,http://www.google.com/base/feeds/snippets/17298610841039937504
b0007lw230,http://www.google.com/base/feeds/snippets/10628460274071713512
b0007lw230,http://www.google.com/base/feeds/snippets/10595032077010116055
b0007lw23a,http://www.google.com/base/feeds/snippets/11630432614273539055
b0007lw23a,http://www.google.com/base/feeds/snippets/3045238811380824044
b0007lw23a,http://www.google.com/base/feeds/snippets/9643223122893875320
b000hbxjxc,http://www.google.com/base/feeds/snippets/11125907881740407428
b000hbxjxc,http://www.google.com/base/feeds/snippets/11409582066977374017
b000pdnhno,http://www.google.com/base/feeds/snippets/12311932123270766595
b000pdnhno,http://www.google.com/base/feeds/snippets/17070501717470514063
b000hcz8ey,http://www.google.com/base/feeds/snippets/11114112522015930440
b0007lw22g,http://www.google.com/base/feeds/snippets/10849068506859926430
b0007lw22g,http://www.google.com/base/feeds/snippets/18398718226932431716
b0007lw22g,http://www.google.com/base/feeds/snippets/4539901557040997564
b000ndib7s,http://www.google.com/base/feeds/snippets/3473826515983580841
b00022ptru,http://www.google.com/base/feeds/snippets/8761785470712681109
b000hlt4tu,http://www.google.com/base/feeds/snippets/18404168006486239466
b000hcxklc,http://www.google.com/base/feeds/snippets/9255722138583214734
b000hbvvg4,http://www.google.com/base/feeds/snippets/4699273716641936158
b000hcv1ky,http://www.google.com/base/feeds/snippets/16905793691117512235
b000bgpqr0,http://www.google.com/base/feeds/snippets/12737245292905990966
b0007iqg3a,http://www.google.com/base/feeds/snippets/16894460490935798232
b000bknncq,http://www.google.com/base/feeds/snippets/10004325115759097777
b000ogsyk8,http://www.google.com/base/feeds/snippets/391160076939023566
b0008ewsf8,http://www.google.com/base/feeds/snippets/10087092539211280139
b000ndid26,http://www.google.com/base/feeds/snippets/5673733196767057398
b000h16p9m,http://www.google.com/base/feeds/snippets/3846293022585027470
b000ndid62,http://www.google.com/base/feeds/snippets/14736350815466474940
b000k2nktg,http://www.google.com/base/feeds/snippets/415173687627513981
b000ndibvo,http://www.google.com/base/feeds/snippets/5767845185221029524
b0008glgrm,http://www.google.com/base/feeds/snippets/4178014773187756948
b000k2t0ou,http://www.google.com/base/feeds/snippets/13916432686331461255
b000lz6a5i,http://www.google.com/base/feeds/snippets/16835999630329052337
b0009qvgeo,http://www.google.com/base/feeds/snippets/17491282253363994324
b0009qvgeo,http://www.google.com/base/feeds/snippets/10895411331126528294
b000hcz8gm,http://www.google.com/base/feeds/snippets/13673799320876526338
b000ndid4y,http://www.google.com/base/feeds/snippets/18383405503824080160
b000dinb4g,http://www.google.com/base/feeds/snippets/18414778073602422524
b000dinb4g,http://www.google.com/base/feeds/snippets/13769671790180310327
b000cc22ys,http://www.google.com/base/feeds/snippets/13711624573601150378
b000h14rr4,http://www.google.com/base/feeds/snippets/12837108039205076533
b000h14rr4,http://www.google.com/base/feeds/snippets/10426833843056008758
b000hcvr1m,http://www.google.com/base/feeds/snippets/12219649046294237633
b000k2nkua,http://www.google.com/base/feeds/snippets/8251934342990013076
b000hbxjve,http://www.google.com/base/feeds/snippets/17956249157120493393
b0009yn1rq,http://www.google.com/base/feeds/snippets/8664755713112971171
b0008glghc,http://www.google.com/base/feeds/snippets/2838840999646798655
b000ehs6ic,http://www.google.com/base/feeds/snippets/9897777989987457856
b000ehs6ic,http://www.google.com/base/feeds/snippets/3377135321507891586
b000hctysa,http://www.google.com/base/feeds/snippets/13321642681501377375
b000hctysa,http://www.google.com/base/feeds/snippets/12116763117328044444
b000k7vinq,http://www.google.com/base/feeds/snippets/16448745536109976455
b000hbxjuk,http://www.google.com/base/feeds/snippets/15555806239483804720
b000hcvr5s,http://www.google.com/base/feeds/snippets/12218017436042377109
b000ndible,http://www.google.com/base/feeds/snippets/790771655328756919
b000h16p9w,http://www.google.com/base/feeds/snippets/12831181740691949409
b000h16p9w,http://www.google.com/base/feeds/snippets/10330893806550846255
b000bwzxk4,http://www.google.com/base/feeds/snippets/8498979351589060419
b0008glgea,http://www.google.com/base/feeds/snippets/7415156197197389350
b0008glgea,http://www.google.com/base/feeds/snippets/5588744582758188682
b000o26lo8,http://www.google.com/base/feeds/snippets/7972469902462196789
b000ndibe6,http://www.google.com/base/feeds/snippets/9761533219806554318
b000dn7k8y,http://www.google.com/base/feeds/snippets/17723708447447202259
b000cs3s2m,http://www.google.com/base/feeds/snippets/17504372812251027705
b00005wf9v,http://www.google.com/base/feeds/snippets/16689580885336652505
b000ndibri,http://www.google.com/base/feeds/snippets/3607173973836413689
b000ndibri,http://www.google.com/base/feeds/snippets/222400256379219119
b0001an1n2,http://www.google.com/base/feeds/snippets/14758105640999079833
b000bgtvda,http://www.google.com/base/feeds/snippets/18378932841147152966
b0008glg1i,http://www.google.com/base/feeds/snippets/65639973300118271
b0008glg1i,http://www.google.com/base/feeds/snippets/1496374872690142682
b00001xdw7,http://www.google.com/base/feeds/snippets/10541632718220382972
b000o27qfq,http://www.google.com/base/feeds/snippets/14054232840925252286
b000j1cit6,http://www.google.com/base/feeds/snippets/7937630813831495909
b000hcxkks,http://www.google.com/base/feeds/snippets/18395554978346558556
b0001wn1fs,http://www.google.com/base/feeds/snippets/11687167580478628748
b0001wn1a8,http://www.google.com/base/feeds/snippets/8324654787720267662
b000aa87go,http://www.google.com/base/feeds/snippets/1803780371601211439
b000ndibwi,http://www.google.com/base/feeds/snippets/596526892186899957
b000h16pag,http://www.google.com/base/feeds/snippets/17570801106897429429
b000h16pag,http://www.google.com/base/feeds/snippets/3192985906364439341
b0001gu7di,http://www.google.com/base/feeds/snippets/1035187390817409083
b000hbxjt6,http://www.google.com/base/feeds/snippets/18387306349260922373
b000fis8ew,http://www.google.com/base/feeds/snippets/18361636558506127089
b000o27ti0,http://www.google.com/base/feeds/snippets/3621810113236094380
b000hcz9ac,http://www.google.com/base/feeds/snippets/18394964067436310447
b0009i5px0,http://www.google.com/base/feeds/snippets/10713659865788525116
b0000als2s,http://www.google.com/base/feeds/snippets/17832927937923546408
b0001av65w,http://www.google.com/base/feeds/snippets/18312853825749428303
b000ofnrhy,http://www.google.com/base/feeds/snippets/9526578983773698753
b000ofnrhy,http://www.google.com/base/feeds/snippets/5098650180744423847
b000ofnrhy,http://www.google.com/base/feeds/snippets/6968597519129780490
b000ofnrhy,http://www.google.com/base/feeds/snippets/10453015417098446087
b0001nm7zm,http://www.google.com/base/feeds/snippets/8829327324895223617
b0000696oh,http://www.google.com/base/feeds/snippets/18180725296745787083
b000bi8m2e,http://www.google.com/base/feeds/snippets/9000601847258285543
b0009n4gx0,http://www.google.com/base/feeds/snippets/8968352871606641625
b000pgq8sm,http://www.google.com/base/feeds/snippets/8648200549603855201
b000k6b2l0,http://www.google.com/base/feeds/snippets/17834804262117799503
b000ezp0n8,http://www.google.com/base/feeds/snippets/17907379108807127194
b00030iej6,http://www.google.com/base/feeds/snippets/7742313617688572944
b000cfx744,http://www.google.com/base/feeds/snippets/17911312393691300802
b000k2pa3a,http://www.google.com/base/feeds/snippets/11972925909028080525
b00022pti4,http://www.google.com/base/feeds/snippets/7739419455751524618
b00022pti4,http://www.google.com/base/feeds/snippets/16729750960777382226
b000jx7g3c,http://www.google.com/base/feeds/snippets/17886724437749928713
b000eu10wi,http://www.google.com/base/feeds/snippets/7587316869277129977
b000h1xy3m,http://www.google.com/base/feeds/snippets/17896835956549874370
b000bckm7i,http://www.google.com/base/feeds/snippets/7704167897291051109
b000bckm7i,http://www.google.com/base/feeds/snippets/13540884315258409885
b0009tqb3w,http://www.google.com/base/feeds/snippets/6112085133304289995
b000pgs3cq,http://www.google.com/base/feeds/snippets/5631550280326312479
b0007vubx8,http://www.google.com/base/feeds/snippets/8395248988761650431
b000k5uxys,http://www.google.com/base/feeds/snippets/5935343405881149008
b000ecqxjq,http://www.google.com/base/feeds/snippets/5615075942724114350
b000ecqxjq,http://www.google.com/base/feeds/snippets/16899532838792786499
b000ndicpy,http://www.google.com/base/feeds/snippets/4287560991242110323
b000ndicpy,http://www.google.com/base/feeds/snippets/13125236767288549966
b000fjsa2g,http://www.google.com/base/feeds/snippets/5364807314885028760
b00078x3hm,http://www.google.com/base/feeds/snippets/5707639507589635432
b0002nt5ho,http://www.google.com/base/feeds/snippets/5527718669808727624
b000ivl050,http://www.google.com/base/feeds/snippets/17758143132560820340
b000cnf014,http://www.google.com/base/feeds/snippets/17760107129811199554
b000ivjsb8,http://www.google.com/base/feeds/snippets/17787032142812456248
b000he39mk,http://www.google.com/base/feeds/snippets/17771223071817478541
b000csralc,http://www.google.com/base/feeds/snippets/17802084899902028186
b000in8nhq,http://www.google.com/base/feeds/snippets/17790799708366999123
b000piht7e,http://www.google.com/base/feeds/snippets/17817863026849640364
b000i8od5w,http://www.google.com/base/feeds/snippets/17828266310377038415
b000bs2vzs,http://www.google.com/base/feeds/snippets/10956401022937572078
b00062vos4,http://www.google.com/base/feeds/snippets/18011289804558195936
b000nlwxii,http://www.google.com/base/feeds/snippets/18046511712294457433
b00002s75b,http://www.google.com/base/feeds/snippets/18029245320668853953
b000io79mu,http://www.google.com/base/feeds/snippets/17943553623332924825
b000pijszk,http://www.google.com/base/feeds/snippets/18054567164113625813
b000ub6avc,http://www.google.com/base/feeds/snippets/7795796130761039507
b00008mnxz,http://www.google.com/base/feeds/snippets/18389048469504944658
b00008mnxz,http://www.google.com/base/feeds/snippets/9445487736380311288
b000o39yge,http://www.google.com/base/feeds/snippets/17936351408567096042
b000gcd73y,http://www.google.com/base/feeds/snippets/18135578158357182921
b000jx5ppi,http://www.google.com/base/feeds/snippets/18113699401844993243
b000b676fa,http://www.google.com/base/feeds/snippets/17982318849719467269
b000bh3dbk,http://www.google.com/base/feeds/snippets/18141440313618559567
b0002iwyke,http://www.google.com/base/feeds/snippets/10827782844634609439
b000egidpo,http://www.google.com/base/feeds/snippets/18000939542340526750
b000mgvnks,http://www.google.com/base/feeds/snippets/10851688356333529622
b000ml8d5q,http://www.google.com/base/feeds/snippets/18003213870869015246
b000bcdrdo,http://www.google.com/base/feeds/snippets/18395874674910243298
b000bcdrdo,http://www.google.com/base/feeds/snippets/9984474904568818121
b000olsreg,http://www.google.com/base/feeds/snippets/17966566453322835928
b00007bguc,http://www.google.com/base/feeds/snippets/17967569973770560353
b00001qgvr,http://www.google.com/base/feeds/snippets/17956725325082284641
b000mg2kpk,http://www.google.com/base/feeds/snippets/3907261301303045278
b0000ca2ix,http://www.google.com/base/feeds/snippets/18405769282316939471
b0007yepx2,http://www.google.com/base/feeds/snippets/17962667015870936885
b000fmncb2,http://www.google.com/base/feeds/snippets/7928295573107692065
b0001ghg64,http://www.google.com/base/feeds/snippets/17878975434909198145
b000r1cs5w,http://www.google.com/base/feeds/snippets/17872821788401002421
b000lu9cwg,http://www.google.com/base/feeds/snippets/17846711186532338786
b000o39tgo,http://www.google.com/base/feeds/snippets/17939626833908573527
b000o39tgo,http://www.google.com/base/feeds/snippets/11742689310169054682
b000dzfdbi,http://www.google.com/base/feeds/snippets/17922830512683848229
b000gw55es,http://www.google.com/base/feeds/snippets/7744548491761569898
b0007znn48,http://www.google.com/base/feeds/snippets/7744305702477366904
b000s5x3q0,http://www.google.com/base/feeds/snippets/17919905528679711200
b000fer1cq,http://www.google.com/base/feeds/snippets/8056776198231015744
b000kbszns,http://www.google.com/base/feeds/snippets/17967900865986277130
b000bi641a,http://www.google.com/base/feeds/snippets/8050920942672245174
b000saufpw,http://www.google.com/base/feeds/snippets/10073523251870401694
b000p5in5e,http://www.google.com/base/feeds/snippets/17334196774609191985
b000frs492,http://www.google.com/base/feeds/snippets/10728844449163351151
b000gi7itw,http://www.google.com/base/feeds/snippets/17322311354110627719
b000tilkpc,http://www.google.com/base/feeds/snippets/1081494753292983123
b0001ipy66,http://www.google.com/base/feeds/snippets/17321125761149481127
b00074dy8e,http://www.google.com/base/feeds/snippets/3528611718110158975
b000tl4qb4,http://www.google.com/base/feeds/snippets/1949229857064458441
b000jx5jnq,http://www.google.com/base/feeds/snippets/17303242525950545639
b000exw524,http://www.google.com/base/feeds/snippets/1936516034668822172
b000q71qqy,http://www.google.com/base/feeds/snippets/17293813878683470763
b0002ce0v6,http://www.google.com/base/feeds/snippets/17297585967951704634
b000h69szu,http://www.google.com/base/feeds/snippets/15544999546747963941
b000ftpmc2,http://www.google.com/base/feeds/snippets/1766122214269018147
b000qfrt4o,http://www.google.com/base/feeds/snippets/17229680859570691562
b000bwzy7q,http://www.google.com/base/feeds/snippets/1759747759895818218
b000bndgzw,http://www.google.com/base/feeds/snippets/6327594211039677778
b000fovsha,http://www.google.com/base/feeds/snippets/17285189275812329124
b000i8thy4,http://www.google.com/base/feeds/snippets/17810980474859468457
b00009nfc1,http://www.google.com/base/feeds/snippets/4441393199380874556
b000sqnbp2,http://www.google.com/base/feeds/snippets/18309926777977827139
b000nkpf7u,http://www.google.com/base/feeds/snippets/18308374908816476565
b000cepgwg,http://www.google.com/base/feeds/snippets/4433860407786915136
b000h6d2do,http://www.google.com/base/feeds/snippets/9639435771556038530
b000ov404w,http://www.google.com/base/feeds/snippets/18304611545439824631
b000cqpc32,http://www.google.com/base/feeds/snippets/18386940331900923694
b00076ywii,http://www.google.com/base/feeds/snippets/17407485579094223073
b00062uji0,http://www.google.com/base/feeds/snippets/2604592440966815556
b00062uji0,http://www.google.com/base/feeds/snippets/2644254417608822315
b000bcicr0,http://www.google.com/base/feeds/snippets/17392222800642377551
b000ujw3ss,http://www.google.com/base/feeds/snippets/3469210017983673758
b000rlnqcq,http://www.google.com/base/feeds/snippets/17395564824016755724
b000a2zlam,http://www.google.com/base/feeds/snippets/1904648546294590301
b000fem8ew,http://www.google.com/base/feeds/snippets/17375915846745821199
b000cco5wa,http://www.google.com/base/feeds/snippets/18260252787140686571
b00027eqmy,http://www.google.com/base/feeds/snippets/2460101921085498175
b000ccvp0a,http://www.google.com/base/feeds/snippets/12536674159579454939
b0009gd0km,http://www.google.com/base/feeds/snippets/17374298119474236406
b000cabe4y,http://www.google.com/base/feeds/snippets/2462325488620129357
b0006a5iwe,http://www.google.com/base/feeds/snippets/2275328841264109872
b00062vfec,http://www.google.com/base/feeds/snippets/17362544992159710827
b0002dlrru,http://www.google.com/base/feeds/snippets/18363181454550367129
b000ixvqk2,http://www.google.com/base/feeds/snippets/2284241765475162173
b000fjs8sc,http://www.google.com/base/feeds/snippets/65578552457551022
b000p49vis,http://www.google.com/base/feeds/snippets/17360430673200796553
b000egoe9s,http://www.google.com/base/feeds/snippets/450727896245374226
b000ofnri8,http://www.google.com/base/feeds/snippets/12244614697089679523
b000ofnri8,http://www.google.com/base/feeds/snippets/2217167988787223405
b000ofnri8,http://www.google.com/base/feeds/snippets/10044826638425571623
b00081i6ji,http://www.google.com/base/feeds/snippets/18411096849519146392
b000h25yoi,http://www.google.com/base/feeds/snippets/17357728675180341663
b000b85aag,http://www.google.com/base/feeds/snippets/2233807276870300519
b0000vmim2,http://www.google.com/base/feeds/snippets/17335686828900761528
b0000vmim2,http://www.google.com/base/feeds/snippets/15283790763832398825
b000ndib82,http://www.google.com/base/feeds/snippets/4058027556169196919
b000lrdlia,http://www.google.com/base/feeds/snippets/4142751275091158911
b000lrdlia,http://www.google.com/base/feeds/snippets/13830033675761129549
b000kipk02,http://www.google.com/base/feeds/snippets/3911347389465432711
b00007eegy,http://www.google.com/base/feeds/snippets/3997486488729671932
b000bs5icq,http://www.google.com/base/feeds/snippets/4295762370065792405
b000gcgqd2,http://www.google.com/base/feeds/snippets/6490413833919329208
b000gcgqd2,http://www.google.com/base/feeds/snippets/13759883185832377445
b000o3efrm,http://www.google.com/base/feeds/snippets/4233168214815079628
b000n5meva,http://www.google.com/base/feeds/snippets/4282890852330556387
b0001g6q2e,http://www.google.com/base/feeds/snippets/6607475390801476875
b000csramg,http://www.google.com/base/feeds/snippets/7150077051864937455
b000qclgqo,http://www.google.com/base/feeds/snippets/6176694480450258174
b000hzrlim,http://www.google.com/base/feeds/snippets/6645838516644564026
b000eiau3u,http://www.google.com/base/feeds/snippets/18396389648150219430
b000a2aknu,http://www.google.com/base/feeds/snippets/5520835678868977029
b000mu6mve,http://www.google.com/base/feeds/snippets/5562499905130838466
b000edgo2q,http://www.google.com/base/feeds/snippets/7147648211015076337
b0002itt84,http://www.google.com/base/feeds/snippets/5505866551596188643
b000e6mjig,http://www.google.com/base/feeds/snippets/4549566074000049896
b0000c7gep,http://www.google.com/base/feeds/snippets/18343959075631403504
b0000c7gep,http://www.google.com/base/feeds/snippets/18433413888105089937
b000v05f4k,http://www.google.com/base/feeds/snippets/18304228419567401310
b000bt559q,http://www.google.com/base/feeds/snippets/3137318477096164629
b000g6gn2m,http://www.google.com/base/feeds/snippets/4436087621332035022
b000edvrtq,http://www.google.com/base/feeds/snippets/14326164391298371952
b000aa878m,http://www.google.com/base/feeds/snippets/14837029540644805566
b0002al1z6,http://www.google.com/base/feeds/snippets/15577341303347278445
b000ep3gei,http://www.google.com/base/feeds/snippets/4837330611493150937
b00009v3nw,http://www.google.com/base/feeds/snippets/16452108546715101414
b0000vyk1o,http://www.google.com/base/feeds/snippets/17409160117322953940
b000ep8oju,http://www.google.com/base/feeds/snippets/17530305432950801722
b000ecyp0k,http://www.google.com/base/feeds/snippets/3704829860217910239
b000ndib8m,http://www.google.com/base/feeds/snippets/2927219174769865115
b000ndib8m,http://www.google.com/base/feeds/snippets/10834301366840736522
b0002oqy1i,http://www.google.com/base/feeds/snippets/15832790434131694955
b000i8od48,http://www.google.com/base/feeds/snippets/3626343668255224722
b000dz9yoa,http://www.google.com/base/feeds/snippets/5216541735240789992
b00013wgz8,http://www.google.com/base/feeds/snippets/5168261559363303902
b0007sxgn8,http://www.google.com/base/feeds/snippets/13588549604733030954
b000h27psq,http://www.google.com/base/feeds/snippets/13799844440134110129
b000h13a2w,http://www.google.com/base/feeds/snippets/13389337162643628213
b000h13a2w,http://www.google.com/base/feeds/snippets/9946072379807963307
b000h241zg,http://www.google.com/base/feeds/snippets/18399328874850787866
b000h241zg,http://www.google.com/base/feeds/snippets/11611566315397308287
b0001wn18u,http://www.google.com/base/feeds/snippets/664913958514106734
b000fovsei,http://www.google.com/base/feeds/snippets/11117774223029062148
b000om8fba,http://www.google.com/base/feeds/snippets/10686405526722482213
b000hhzie4,http://www.google.com/base/feeds/snippets/11038012533329162078
b000ra5bl6,http://www.google.com/base/feeds/snippets/14007011703509063417
b000ra5bmk,http://www.google.com/base/feeds/snippets/16908015325729489564
b000hjott2,http://www.google.com/base/feeds/snippets/16558385795268912766
b000exs47y,http://www.google.com/base/feeds/snippets/16633280530608162098
b0009yx9bo,http://www.google.com/base/feeds/snippets/18395787464051623418
b0009yx9bo,http://www.google.com/base/feeds/snippets/14640507864355837784
b000jx1kdy,http://www.google.com/base/feeds/snippets/13499930330802525158
b000h229d2,http://www.google.com/base/feeds/snippets/14928650794745636736
b0002ibeve,http://www.google.com/base/feeds/snippets/3360196621571367222
b000lu89uc,http://www.google.com/base/feeds/snippets/13380169193455086942
b000hhvb2w,http://www.google.com/base/feeds/snippets/17476622898499473532
b000hhvb2w,http://www.google.com/base/feeds/snippets/16674697281415587384
b000fbgaia,http://www.google.com/base/feeds/snippets/30822033968544493
b000pdomn8,http://www.google.com/base/feeds/snippets/7403657268074522339
b00068u7ww,http://www.google.com/base/feeds/snippets/13815055497602261010
b0007sxglk,http://www.google.com/base/feeds/snippets/17762641182538089473
b0007sxglk,http://www.google.com/base/feeds/snippets/18405058220481329541
b0007sxglk,http://www.google.com/base/feeds/snippets/12109861711097484827
b0006nkbn2,http://www.google.com/base/feeds/snippets/8709560014305112537
b0006nkbn2,http://www.google.com/base/feeds/snippets/13986409474793202514
b00019jgwi,http://www.google.com/base/feeds/snippets/407742822135371560
b0001xnkp8,http://www.google.com/base/feeds/snippets/12656847251589121665
b000ndibjq,http://www.google.com/base/feeds/snippets/14812439490848045578
b000i0bp6k,http://www.google.com/base/feeds/snippets/10110199435466109569
b0007sxgmo,http://www.google.com/base/feeds/snippets/12250274471957898660
b000b6oboo,http://www.google.com/base/feeds/snippets/12418972562708861095
b000bc38o2,http://www.google.com/base/feeds/snippets/12383342975629473219
b000eqy0ss,http://www.google.com/base/feeds/snippets/17149948893700452737
b000hlp5yi,http://www.google.com/base/feeds/snippets/9785861434635986999
b000hhvb9k,http://www.google.com/base/feeds/snippets/9852496278444342781
b000h241x8,http://www.google.com/base/feeds/snippets/13278655414642608462
b0000azk3v,http://www.google.com/base/feeds/snippets/8506958797516287357
b0000azk3v,http://www.google.com/base/feeds/snippets/5449819493015414043
b0000azvvs,http://www.google.com/base/feeds/snippets/5310740648374994867
b0000azvvs,http://www.google.com/base/feeds/snippets/2914315195947217599
b0006b6b1a,http://www.google.com/base/feeds/snippets/18378422702839985200
b00007kh02,http://www.google.com/base/feeds/snippets/4749954713094759082
b00007kh02,http://www.google.com/base/feeds/snippets/7249154325906371083
b000barbaq,http://www.google.com/base/feeds/snippets/124870490385972224
b000frqfe8,http://www.google.com/base/feeds/snippets/4450102625152904120
b000frqfe8,http://www.google.com/base/feeds/snippets/13703162595446844265
b0007l9ecw,http://www.google.com/base/feeds/snippets/5363123129666342202
b000b6oboy,http://www.google.com/base/feeds/snippets/12643092178258671772
b000o3d94m,http://www.google.com/base/feeds/snippets/17453432506391757198
b000o39u3q,http://www.google.com/base/feeds/snippets/18195210518723634061
b000o39u3q,http://www.google.com/base/feeds/snippets/18386729116244999637
b000cik6rc,http://www.google.com/base/feeds/snippets/18100341066456401733
b0001wn0sq,http://www.google.com/base/feeds/snippets/7946849252371593289
b000h5fo8g,http://www.google.com/base/feeds/snippets/16987363527577090531
b000e13es0,http://www.google.com/base/feeds/snippets/16987363527577090531
b000fiej4k,http://www.google.com/base/feeds/snippets/15307043633633162485
b000mti8mq,http://www.google.com/base/feeds/snippets/5408845339376590167
b000fn6c2c,http://www.google.com/base/feeds/snippets/7893604833764557727
b000e0v924,http://www.google.com/base/feeds/snippets/385281297660428617
b000na1v8w,http://www.google.com/base/feeds/snippets/12662824890153121005
b000abapo0,http://www.google.com/base/feeds/snippets/2284939042076115226
b000tilkq6,http://www.google.com/base/feeds/snippets/5964541247628078613
b000nkrj0q,http://www.google.com/base/feeds/snippets/13749047006070540730
b000nvspyo,http://www.google.com/base/feeds/snippets/17346668920138765245
b00013wh0w,http://www.google.com/base/feeds/snippets/341468719852005595
b00013wh0w,http://www.google.com/base/feeds/snippets/10202903815808902868
b00006gxbz,http://www.google.com/base/feeds/snippets/9070775827291844765
b00006gxbz,http://www.google.com/base/feeds/snippets/3767792591229692245
b00006gxbz,http://www.google.com/base/feeds/snippets/6859916462314032120
b000ndibqy,http://www.google.com/base/feeds/snippets/17409309332075689843
b000gcd6lw,http://www.google.com/base/feeds/snippets/3011334164286500167
b000gcd6lw,http://www.google.com/base/feeds/snippets/6581993018347517264
b000ndichc,http://www.google.com/base/feeds/snippets/13807405031002803472
b000l1phg0,http://www.google.com/base/feeds/snippets/18394332776181186072
b000l1phg0,http://www.google.com/base/feeds/snippets/11954719051240282085
b000a7q6n8,http://www.google.com/base/feeds/snippets/13561687450780175373
b000a7q6n8,http://www.google.com/base/feeds/snippets/9575830162604297862
b000g3mer8,http://www.google.com/base/feeds/snippets/9342175169264415955
b000g3mer8,http://www.google.com/base/feeds/snippets/13255609368261584070
b000nknb8k,http://www.google.com/base/feeds/snippets/17333018247606173982
b000jf5zec,http://www.google.com/base/feeds/snippets/13629768701500088491
b000jf5zec,http://www.google.com/base/feeds/snippets/13368045031336320583
b000fvqo0o,http://www.google.com/base/feeds/snippets/4025192676992669735
b000fvqo0o,http://www.google.com/base/feeds/snippets/2209370345378693785
b000fncrto,http://www.google.com/base/feeds/snippets/9167720084838534914
b000mmt6s8,http://www.google.com/base/feeds/snippets/2066161709446383266
b000v7v2uo,http://www.google.com/base/feeds/snippets/18218026817519050250
b0009afff6,http://www.google.com/base/feeds/snippets/9757350103424139605
b000qeitty,http://www.google.com/base/feeds/snippets/14918356353168654855
b000mz7c36,http://www.google.com/base/feeds/snippets/1209717630190599142
b000m2yc32,http://www.google.com/base/feeds/snippets/10248910023220043204
b000e3e2km,http://www.google.com/base/feeds/snippets/17330505621209587005
b0007lw22q,http://www.google.com/base/feeds/snippets/10939909441298262260
b0007lw22q,http://www.google.com/base/feeds/snippets/16090908477278345856
b0007zf3ge,http://www.google.com/base/feeds/snippets/10244573068939530333
b00097alks,http://www.google.com/base/feeds/snippets/4522979894661726264
b000rgxto6,http://www.google.com/base/feeds/snippets/18107239556630917796
b000099108,http://www.google.com/base/feeds/snippets/18105761375553744131
b000mz7c2w,http://www.google.com/base/feeds/snippets/15648850844085647958
b000lu89yi,http://www.google.com/base/feeds/snippets/18089023914130738551
b00004ochj,http://www.google.com/base/feeds/snippets/5722368875390495429
b0009jhv1s,http://www.google.com/base/feeds/snippets/18080236342166120371
b000b5rweg,http://www.google.com/base/feeds/snippets/18360660165216793779
b00006y0es,http://www.google.com/base/feeds/snippets/12445044163325859752
b0008glgmc,http://www.google.com/base/feeds/snippets/11641601394104549163
b0008glgmc,http://www.google.com/base/feeds/snippets/11616731797055705273
b000hbvvka,http://www.google.com/base/feeds/snippets/13394537834910060641
b000g7wses,http://www.google.com/base/feeds/snippets/18073883319223617218
b000e3c6c8,http://www.google.com/base/feeds/snippets/17693391962532243349
b000o231le,http://www.google.com/base/feeds/snippets/9043771553757075875
b000o231le,http://www.google.com/base/feeds/snippets/604011493834288779
b0009mg80a,http://www.google.com/base/feeds/snippets/11063455580387217522
b000kjzigw,http://www.google.com/base/feeds/snippets/18055289311900407768
b000ph8xs4,http://www.google.com/base/feeds/snippets/8417237654939994137
b000o3bgh4,http://www.google.com/base/feeds/snippets/5477812729338266692
b000hed3fi,http://www.google.com/base/feeds/snippets/5655410586169835557
b000b6n2lw,http://www.google.com/base/feeds/snippets/18382903514613113420
b000b6n2lw,http://www.google.com/base/feeds/snippets/4747185109584668947
b000ogsyjy,http://www.google.com/base/feeds/snippets/16579315096492817894
b000ogsyjy,http://www.google.com/base/feeds/snippets/2253075076541338967
b000068u3h,http://www.google.com/base/feeds/snippets/11635339528486156141
b0006513tg,http://www.google.com/base/feeds/snippets/5781318040297863663
b000kmehfw,http://www.google.com/base/feeds/snippets/18362060657249986591
b000hlp5wa,http://www.google.com/base/feeds/snippets/8519495523069900652
b000hi1i9c,http://www.google.com/base/feeds/snippets/8050702989930375401
b000bgpqos,http://www.google.com/base/feeds/snippets/11029185598470444071
b0000c6eol,http://www.google.com/base/feeds/snippets/10445277524546945239
b000ogsgzq,http://www.google.com/base/feeds/snippets/8589080476501847235
b000ogsgzq,http://www.google.com/base/feeds/snippets/18053677474084218860
b000jx1kgq,http://www.google.com/base/feeds/snippets/18234349657423202538
b000s604de,http://www.google.com/base/feeds/snippets/18240281005302874979
b000egmaj4,http://www.google.com/base/feeds/snippets/7247732872667648705
b000h25yr0,http://www.google.com/base/feeds/snippets/18264562147667335719
b000ogsh3c,http://www.google.com/base/feeds/snippets/2640184679506710701
b000m6xk4k,http://www.google.com/base/feeds/snippets/7516347790713287981
b000qxd2tc,http://www.google.com/base/feeds/snippets/7653075580455328736
b000saufbg,http://www.google.com/base/feeds/snippets/18225778049143407208
b000fngzs8,http://www.google.com/base/feeds/snippets/3518997692511645502
b000b6n2m6,http://www.google.com/base/feeds/snippets/12929795214910360357
b000b6n2m6,http://www.google.com/base/feeds/snippets/9246547342017279002
b000io799i,http://www.google.com/base/feeds/snippets/18226456193742595288
b000ik414i,http://www.google.com/base/feeds/snippets/16073556725854260285
b000hlt5g2,http://www.google.com/base/feeds/snippets/3274305083856247424
b0009suw4w,http://www.google.com/base/feeds/snippets/18425416409544307946
b0009suw4w,http://www.google.com/base/feeds/snippets/4325793427900176296
b000mgo1r0,http://www.google.com/base/feeds/snippets/10555450463385817719
b00007e8bi,http://www.google.com/base/feeds/snippets/18286585073343765950
b000ndibkk,http://www.google.com/base/feeds/snippets/4247841323668156699
b0008g2bvm,http://www.google.com/base/feeds/snippets/18275035621919457369
b000cp4ja0,http://www.google.com/base/feeds/snippets/3040037286169376262
b0009yegpc,http://www.google.com/base/feeds/snippets/18259447335875519213
b0009yegpc,http://www.google.com/base/feeds/snippets/13834985344480832776
b000hhxevi,http://www.google.com/base/feeds/snippets/2710470763365986624
b0007r7e7i,http://www.google.com/base/feeds/snippets/18118065911754783035
b000bnjmnc,http://www.google.com/base/feeds/snippets/2723560865541859631
b000o3ek2m,http://www.google.com/base/feeds/snippets/18295506345742178609
b000230e4m,http://www.google.com/base/feeds/snippets/3000347833164648276
b000egidue,http://www.google.com/base/feeds/snippets/18264347410665748173
b000iz8vqw,http://www.google.com/base/feeds/snippets/3000347833164648276
b000p4tc82,http://www.google.com/base/feeds/snippets/18172308291108986699
b000bypfu0,http://www.google.com/base/feeds/snippets/4573258796236774141
b000ndib96,http://www.google.com/base/feeds/snippets/9426718267663314434
b000h24200,http://www.google.com/base/feeds/snippets/4675262861576384624
b000q1pyv8,http://www.google.com/base/feeds/snippets/18171290245464117932
b000hpjgw6,http://www.google.com/base/feeds/snippets/4250686295132810758
b000mgo5bw,http://www.google.com/base/feeds/snippets/9250111493808447085
b000ra77bs,http://www.google.com/base/feeds/snippets/4432724463066898018
b000jh7c6y,http://www.google.com/base/feeds/snippets/18159360858957097495
b000ndicze,http://www.google.com/base/feeds/snippets/17511510969143463932
b000ndicze,http://www.google.com/base/feeds/snippets/15315731988494931444
b0002z8a1o,http://www.google.com/base/feeds/snippets/18163685181387991761
b000exw51k,http://www.google.com/base/feeds/snippets/18190434268931466210
b000exw51k,http://www.google.com/base/feeds/snippets/6804198758936861643
b000hi1i6u,http://www.google.com/base/feeds/snippets/3752772644614152917
b000jiqlxi,http://www.google.com/base/feeds/snippets/18151952927255406461
b000om7diq,http://www.google.com/base/feeds/snippets/17708766593513600591
b000om7diq,http://www.google.com/base/feeds/snippets/5216140459207502478
b000om7diq,http://www.google.com/base/feeds/snippets/11294551601294188336
b000o3bge2,http://www.google.com/base/feeds/snippets/3594701920411099396
b0009dxjuq,http://www.google.com/base/feeds/snippets/16790631679419428442
b000b63xha,http://www.google.com/base/feeds/snippets/14798220155665223365
b000nif4im,http://www.google.com/base/feeds/snippets/16793437722628106463
b000in34bq,http://www.google.com/base/feeds/snippets/5571864419424285346
b000v7rij8,http://www.google.com/base/feeds/snippets/16778737466501327415
b000e2d3lc,http://www.google.com/base/feeds/snippets/16769449274864717899
b000ffcdim,http://www.google.com/base/feeds/snippets/13298644336068097806
b000fzxipo,http://www.google.com/base/feeds/snippets/16630396354315555450
b000fzxipo,http://www.google.com/base/feeds/snippets/12453672105653412076
b000b57k4s,http://www.google.com/base/feeds/snippets/16798783463218493349
b000hedyio,http://www.google.com/base/feeds/snippets/16622880533554607802
b000pg7ha0,http://www.google.com/base/feeds/snippets/15026147703472509135
b0000vmimw,http://www.google.com/base/feeds/snippets/18364436159487312703
b000ehs6h8,http://www.google.com/base/feeds/snippets/4818950838228892044
b0007wv3ei,http://www.google.com/base/feeds/snippets/18347005743602331538
b000i4rmfe,http://www.google.com/base/feeds/snippets/14007006525589850325
b000ar96bm,http://www.google.com/base/feeds/snippets/16873990150005697074
b000e8rdrq,http://www.google.com/base/feeds/snippets/890958699191814692
b000b5srju,http://www.google.com/base/feeds/snippets/16872612252422367466
b000ehs6gy,http://www.google.com/base/feeds/snippets/14188088676549374410
b000g80lku,http://www.google.com/base/feeds/snippets/16862951998092117648
b000pienlo,http://www.google.com/base/feeds/snippets/16974008974544976244
b000pienlo,http://www.google.com/base/feeds/snippets/17138232112312322851
b000aqvrry,http://www.google.com/base/feeds/snippets/16846135635145492175
b000szzpi4,http://www.google.com/base/feeds/snippets/17036928989465404370
b000ro5o7s,http://www.google.com/base/feeds/snippets/12991998923940483779
b000ro5o7s,http://www.google.com/base/feeds/snippets/7129140322149464777
b000jlj0cy,http://www.google.com/base/feeds/snippets/16827217446944316033
b00099xf0e,http://www.google.com/base/feeds/snippets/16819471998102486336
b00005birs,http://www.google.com/base/feeds/snippets/16816523477506304009
b000fn6cf4,http://www.google.com/base/feeds/snippets/8110280389757211340
b0006ma3bs,http://www.google.com/base/feeds/snippets/16814254064816255791
b0001gu7jc,http://www.google.com/base/feeds/snippets/17037106486883484113
b000k7vio0,http://www.google.com/base/feeds/snippets/9592753698712041843
b0000899lt,http://www.google.com/base/feeds/snippets/16676630267570211401
b000brczzk,http://www.google.com/base/feeds/snippets/15013560737417394943
b000ivjv10,http://www.google.com/base/feeds/snippets/16673725682059181917
b0001d56uu,http://www.google.com/base/feeds/snippets/18039361276696190381
b000brm3xe,http://www.google.com/base/feeds/snippets/18396085441922746096
b000brm3xe,http://www.google.com/base/feeds/snippets/7181709960017015550
b000rlqnr6,http://www.google.com/base/feeds/snippets/16687635820409313347
b000gbukgm,http://www.google.com/base/feeds/snippets/11524039735478682676
b000gbukgm,http://www.google.com/base/feeds/snippets/2448830856693653081
b000nknb26,http://www.google.com/base/feeds/snippets/16685945982481680279
b000nknb26,http://www.google.com/base/feeds/snippets/18407763828897928168
b000jx1on0,http://www.google.com/base/feeds/snippets/16738828984601610049
b0002fgfiy,http://www.google.com/base/feeds/snippets/16668702350993735780
b000h0k3zu,http://www.google.com/base/feeds/snippets/12105115514315351902
b000h0k3zu,http://www.google.com/base/feeds/snippets/2069408671914881522
b000trgqqg,http://www.google.com/base/feeds/snippets/16874485945364761422
b0007yepxc,http://www.google.com/base/feeds/snippets/16647647854444612501
b000090179,http://www.google.com/base/feeds/snippets/17953929889613420408
b000090179,http://www.google.com/base/feeds/snippets/4323218411575640054
b000090179,http://www.google.com/base/feeds/snippets/16002979675138477406
b000090179,http://www.google.com/base/feeds/snippets/9700384320550908183
b0009jhv5e,http://www.google.com/base/feeds/snippets/16721626632033099240
b000787g6q,http://www.google.com/base/feeds/snippets/14035761522429892531
b00024wjrq,http://www.google.com/base/feeds/snippets/16744224390148606478
b000n28264,http://www.google.com/base/feeds/snippets/9029807166568270057
b000nkklwe,http://www.google.com/base/feeds/snippets/16700933768709687512
b00076ywj2,http://www.google.com/base/feeds/snippets/12002408855288739955
b000a40w4a,http://www.google.com/base/feeds/snippets/16720347622986234211
b000licg1m,http://www.google.com/base/feeds/snippets/6070036801370348429
b000eg6d5q,http://www.google.com/base/feeds/snippets/16690738478999740250
b0001xngz2,http://www.google.com/base/feeds/snippets/5836713568200382986
b000hbysf0,http://www.google.com/base/feeds/snippets/9117876336691363711
b000f7gysa,http://www.google.com/base/feeds/snippets/16702887737767240197
b000fdetxq,http://www.google.com/base/feeds/snippets/4834494816656344498
b000fdetxq,http://www.google.com/base/feeds/snippets/1327096272598550732
b000099107,http://www.google.com/base/feeds/snippets/16698946140878275557
b000hjdpx8,http://www.google.com/base/feeds/snippets/1829125396804686622
b000in6trc,http://www.google.com/base/feeds/snippets/6874875179525744781
b000bu7u48,http://www.google.com/base/feeds/snippets/16694806128312036500
b000fowht8,http://www.google.com/base/feeds/snippets/17133221075889749370
b000eqieik,http://www.google.com/base/feeds/snippets/8261805484012687318
b0001fyrq2,http://www.google.com/base/feeds/snippets/14693413290856659257
b0009dt87e,http://www.google.com/base/feeds/snippets/12849123232978824729
b000b3z2zo,http://www.google.com/base/feeds/snippets/5286999908576362211
b000ra3l3g,http://www.google.com/base/feeds/snippets/6628446350064818078
b0009nr9mu,http://www.google.com/base/feeds/snippets/16755727468265308879
b000t9luce,http://www.google.com/base/feeds/snippets/18388359068656820969
b0002ip4lu,http://www.google.com/base/feeds/snippets/16739935323659993586
b000hjqyc2,http://www.google.com/base/feeds/snippets/15260761427784751076
b0001fyrqm,http://www.google.com/base/feeds/snippets/6239309275726276581
b00099e4ya,http://www.google.com/base/feeds/snippets/16750826951044664483
b0000990y7,http://www.google.com/base/feeds/snippets/13833576505530604294
b000o39u8q,http://www.google.com/base/feeds/snippets/5609692463569230619
b000o39u8q,http://www.google.com/base/feeds/snippets/12958721621590299185
b000nkfee4,http://www.google.com/base/feeds/snippets/10699505690150129858
b000fk8b42,http://www.google.com/base/feeds/snippets/15528939772983751628
b00099xdpq,http://www.google.com/base/feeds/snippets/9660795325358759539
b000ra778g,http://www.google.com/base/feeds/snippets/1503028931039652298
b000bdiqpc,http://www.google.com/base/feeds/snippets/17153123894129090968
b000fetuiy,http://www.google.com/base/feeds/snippets/10702491954940587385
b0009suw5q,http://www.google.com/base/feeds/snippets/712876185653102576
b000in4uak,http://www.google.com/base/feeds/snippets/12243674671451624208
b0009yx9be,http://www.google.com/base/feeds/snippets/1021042895134770712
b00002s5ig,http://www.google.com/base/feeds/snippets/10121034673222484873
b00002s5ig,http://www.google.com/base/feeds/snippets/8376577004489658408
b00002s5ig,http://www.google.com/base/feeds/snippets/4015258116571466944
b00002s5ig,http://www.google.com/base/feeds/snippets/16696977577840370909
b000gzy7oo,http://www.google.com/base/feeds/snippets/18207838499884290592
b0001xnkoy,http://www.google.com/base/feeds/snippets/17826820522977097999
b000ra20uq,http://www.google.com/base/feeds/snippets/594191839879876004
b000h1de00,http://www.google.com/base/feeds/snippets/17326098494894452732
b000o39qoo,http://www.google.com/base/feeds/snippets/1160856703276103950
b000byruai,http://www.google.com/base/feeds/snippets/10307558685940721323
b000bo9rt0,http://www.google.com/base/feeds/snippets/1187936019689259805
b000bo9rt0,http://www.google.com/base/feeds/snippets/10667383848205761084
b000nkj29c,http://www.google.com/base/feeds/snippets/17390440905927321212
b000hpf7p6,http://www.google.com/base/feeds/snippets/1781031509566531842
b0000959kx,http://www.google.com/base/feeds/snippets/6052848636732301170
b000o8g7z0,http://www.google.com/base/feeds/snippets/2442636071527910651
b000ie8u4g,http://www.google.com/base/feeds/snippets/17308332648335562662
b000io7a9m,http://www.google.com/base/feeds/snippets/13440353610523579374
b000fp0k0u,http://www.google.com/base/feeds/snippets/716894577224484053
b000ieaplw,http://www.google.com/base/feeds/snippets/9847776401829585115
b0002uhuii,http://www.google.com/base/feeds/snippets/5487359335167368126
b000hlp5w0,http://www.google.com/base/feeds/snippets/15030217405491356248
b000f4ei40,http://www.google.com/base/feeds/snippets/5235601774209920453
b000hhvbdq,http://www.google.com/base/feeds/snippets/9685850187894108398
b000egidpe,http://www.google.com/base/feeds/snippets/381135748290856568
b000egidpe,http://www.google.com/base/feeds/snippets/4998847858583359731
b0007sxgla,http://www.google.com/base/feeds/snippets/318535575684738487
b000o8gs3g,http://www.google.com/base/feeds/snippets/4395553239306869895
b000m6wlyk,http://www.google.com/base/feeds/snippets/4108712449976038856
b000hhxeuo,http://www.google.com/base/feeds/snippets/1861020527779170726
b000fqvxf0,http://www.google.com/base/feeds/snippets/9954012264342776691
b000o3bj3k,http://www.google.com/base/feeds/snippets/12942134175594025487
b000gihfyu,http://www.google.com/base/feeds/snippets/9859735236279839568
b000o3d9ce,http://www.google.com/base/feeds/snippets/14007918865629410175
b000bwa1jw,http://www.google.com/base/feeds/snippets/9029108187932664886
b000fer1d0,http://www.google.com/base/feeds/snippets/2328950736697317790
b000b56boi,http://www.google.com/base/feeds/snippets/6779487277459931782
b000g0oom4,http://www.google.com/base/feeds/snippets/6320757184409585395
b000gkpe14,http://www.google.com/base/feeds/snippets/6596219200360663289
b000qxdj0y,http://www.google.com/base/feeds/snippets/11808064350838387307
b000gkpds8,http://www.google.com/base/feeds/snippets/5515688203820371988
b000hed3gm,http://www.google.com/base/feeds/snippets/15481209573698256416
b000aoz7hw,http://www.google.com/base/feeds/snippets/10563522754094993865
b000pg8kxs,http://www.google.com/base/feeds/snippets/13312621869477195220
b000he9pr8,http://www.google.com/base/feeds/snippets/7349023854495904300
b000pg8kwe,http://www.google.com/base/feeds/snippets/7402484848566215245
b000pg8kwe,http://www.google.com/base/feeds/snippets/15202414965182690664
b00083czbg,http://www.google.com/base/feeds/snippets/15052254484804072386
b000hed3fs,http://www.google.com/base/feeds/snippets/4811212829822917671
b000ea9u2a,http://www.google.com/base/feeds/snippets/11826796220164615935
b000pgaimo,http://www.google.com/base/feeds/snippets/5326441011843947394
b000e136ga,http://www.google.com/base/feeds/snippets/11829938385250188093
b000gr1ceu,http://www.google.com/base/feeds/snippets/2062975649512805986
b000gr1ceu,http://www.google.com/base/feeds/snippets/4703701453618359906
b0009hl34q,http://www.google.com/base/feeds/snippets/11654629063147846560
b000ffsgho,http://www.google.com/base/feeds/snippets/4935901327541769811
b000bcicwa,http://www.google.com/base/feeds/snippets/12825336441689158397
b000g0lieq,http://www.google.com/base/feeds/snippets/10542539041826323398
b0000c4dx0,http://www.google.com/base/feeds/snippets/12956485848771496004
b000ovft92,http://www.google.com/base/feeds/snippets/10720405921949933758
b000p9eqva,http://www.google.com/base/feeds/snippets/13127837519859196528
b000itvtqm,http://www.google.com/base/feeds/snippets/3539622760913695235
b000mvp5i4,http://www.google.com/base/feeds/snippets/11404109022171531561
b000eezn2c,http://www.google.com/base/feeds/snippets/12329058540425314571
b000ghwq7c,http://www.google.com/base/feeds/snippets/2454405441197407300
b0006b63rw,http://www.google.com/base/feeds/snippets/12911813140487249020
b0001bfdau,http://www.google.com/base/feeds/snippets/4081985616275580076
b0001bfdau,http://www.google.com/base/feeds/snippets/16537637847870148950
b0001bfdau,http://www.google.com/base/feeds/snippets/4018509382848032799
b000etjjae,http://www.google.com/base/feeds/snippets/12845228373531717554
b00019tb00,http://www.google.com/base/feeds/snippets/272319572293073318
b00019tb00,http://www.google.com/base/feeds/snippets/251538724524961694
b00019tb00,http://www.google.com/base/feeds/snippets/4672425011703995374
b000070ilx,http://www.google.com/base/feeds/snippets/13036666023758000710
b000bljed2,http://www.google.com/base/feeds/snippets/13747478666009449997
b0009dwkwo,http://www.google.com/base/feeds/snippets/9753054521720614066
b0009dwkwo,http://www.google.com/base/feeds/snippets/8882659121069859929
b0009dwkwo,http://www.google.com/base/feeds/snippets/15744420000863688597
b000ri161w,http://www.google.com/base/feeds/snippets/4601529828088226069
b000ayxld4,http://www.google.com/base/feeds/snippets/13230504925826567019
b0009i5sgy,http://www.google.com/base/feeds/snippets/7702263644150091221
b0009i5sgy,http://www.google.com/base/feeds/snippets/3306668805908280679
b0009i5sgy,http://www.google.com/base/feeds/snippets/13523201367240249515
b0009i5sgy,http://www.google.com/base/feeds/snippets/4615810080995000742
b000mcianu,http://www.google.com/base/feeds/snippets/13653159525369338466
b000mcianu,http://www.google.com/base/feeds/snippets/18365358438027236949
b000k6b3zu,http://www.google.com/base/feeds/snippets/257434657988780139
b0009jgv50,http://www.google.com/base/feeds/snippets/13809600021930717984
b000qxd2tm,http://www.google.com/base/feeds/snippets/17972160650826336548
b000bsfs3k,http://www.google.com/base/feeds/snippets/13482242609904424371
b00005aycg,http://www.google.com/base/feeds/snippets/16171315423038143989
b00005aycg,http://www.google.com/base/feeds/snippets/14590739388057248882
b00005aycg,http://www.google.com/base/feeds/snippets/3987149121723701537
b00005aycg,http://www.google.com/base/feeds/snippets/5506083081141279166
b000fcyts2,http://www.google.com/base/feeds/snippets/14641221219676710452
b000g0lkcg,http://www.google.com/base/feeds/snippets/14235968984166622494
b0006vc3vc,http://www.google.com/base/feeds/snippets/13235146651353177601
b00006iqth,http://www.google.com/base/feeds/snippets/13286819633533674312
b000he9psc,http://www.google.com/base/feeds/snippets/14520556770161082452
b000pgvk5s,http://www.google.com/base/feeds/snippets/3286136250930686353
b000pgvk5s,http://www.google.com/base/feeds/snippets/1872945109493928217
b0002x9a1u,http://www.google.com/base/feeds/snippets/13871525141591734359
b000h3lza4,http://www.google.com/base/feeds/snippets/13919947739364726744
b000b6n2o4,http://www.google.com/base/feeds/snippets/1167394947195166949
b000b6n2o4,http://www.google.com/base/feeds/snippets/18386275313356170584
b000enucs8,http://www.google.com/base/feeds/snippets/4968803125750101769
b000enucs8,http://www.google.com/base/feeds/snippets/7997047825469627962
b000enucs8,http://www.google.com/base/feeds/snippets/18435241901201099210
b000gaqlxe,http://www.google.com/base/feeds/snippets/14792132642669527606
b000gaqlxe,http://www.google.com/base/feeds/snippets/13825743693732119715
b00021lrw2,http://www.google.com/base/feeds/snippets/6591008499871907116
b000ndibl4,http://www.google.com/base/feeds/snippets/14992670292987095559
b000fdetx6,http://www.google.com/base/feeds/snippets/4635585281695496952
b000fdetx6,http://www.google.com/base/feeds/snippets/1298387803049191225
b000a0s3x6,http://www.google.com/base/feeds/snippets/16019355033889363381
b000euhiug,http://www.google.com/base/feeds/snippets/15998338875089949975
b000eztvym,http://www.google.com/base/feeds/snippets/3370622523798561341
b0006aao9g,http://www.google.com/base/feeds/snippets/15937975832085771486
b000bx441w,http://www.google.com/base/feeds/snippets/6376971851371386778
b0002735fi,http://www.google.com/base/feeds/snippets/18409154395025279191
b000bs5ibm,http://www.google.com/base/feeds/snippets/15944513620809178120
b000phd8ha,http://www.google.com/base/feeds/snippets/7446817695346465267
b0006aao96,http://www.google.com/base/feeds/snippets/15911936238938935149
b0002jtvng,http://www.google.com/base/feeds/snippets/5572182459728876600
b000ub66ha,http://www.google.com/base/feeds/snippets/15897742829993345210
b000hl1eie,http://www.google.com/base/feeds/snippets/10217306837122444015
b000feyg7o,http://www.google.com/base/feeds/snippets/15564784742978828373
b000bx5ggy,http://www.google.com/base/feeds/snippets/8317633865991250636
b000bx5ggy,http://www.google.com/base/feeds/snippets/12226449661661559282
b0002vjvxy,http://www.google.com/base/feeds/snippets/15893880004435051441
b000mrnc9m,http://www.google.com/base/feeds/snippets/6926972626200206366
b00061m0qk,http://www.google.com/base/feeds/snippets/15404585187042606500
b000u1w4us,http://www.google.com/base/feeds/snippets/17155028207234161100
b000aoz7jk,http://www.google.com/base/feeds/snippets/15423446152280840126
b000iw5kv4,http://www.google.com/base/feeds/snippets/1756203513172973882
b00009l1hv,http://www.google.com/base/feeds/snippets/15203735208016659510
b00009l1hv,http://www.google.com/base/feeds/snippets/11958168742202087168
b000iaolaw,http://www.google.com/base/feeds/snippets/2919031939469503608
b00002s755,http://www.google.com/base/feeds/snippets/1946192615586358516
b000ihxoa8,http://www.google.com/base/feeds/snippets/15299848488500055875
b0001wn0m2,http://www.google.com/base/feeds/snippets/17784299186975876292
b0001wn0m2,http://www.google.com/base/feeds/snippets/2691848002513611613
b000fbju6e,http://www.google.com/base/feeds/snippets/17104623549372310375
b000byrinm,http://www.google.com/base/feeds/snippets/17081837201771092975
b0002i6l7g,http://www.google.com/base/feeds/snippets/3887119395489365873
b0007ly3zu,http://www.google.com/base/feeds/snippets/16699804671191247885
b000e28ut2,http://www.google.com/base/feeds/snippets/17072957672946519930
b000hlt5hq,http://www.google.com/base/feeds/snippets/5120006088713032791
b0006i7glw,http://www.google.com/base/feeds/snippets/16445577344159065644
b000j4oxf0,http://www.google.com/base/feeds/snippets/16319944090637292990
b000afkxso,http://www.google.com/base/feeds/snippets/1611810981921795487
b000iek7kg,http://www.google.com/base/feeds/snippets/16351355486478883410
b000lxdrjm,http://www.google.com/base/feeds/snippets/6524009149304761284
b000gamw7s,http://www.google.com/base/feeds/snippets/18053348848713858697
b0006aaoiw,http://www.google.com/base/feeds/snippets/18106742966338682113
b000h294mq,http://www.google.com/base/feeds/snippets/10856062098610973379
b000h294mq,http://www.google.com/base/feeds/snippets/17383951289144054339
b000bwzzlg,http://www.google.com/base/feeds/snippets/2793425352847818039
b000j6ddrw,http://www.google.com/base/feeds/snippets/18190371164810858934
b000j6ddrw,http://www.google.com/base/feeds/snippets/18378133609675219667
b000k67vss,http://www.google.com/base/feeds/snippets/13970926731293955146
b000m9c70k,http://www.google.com/base/feeds/snippets/18227817484834707150
b0002wt64m,http://www.google.com/base/feeds/snippets/1522029332117434843
b00094ot4a,http://www.google.com/base/feeds/snippets/17708460496974727302
b000iwarqw,http://www.google.com/base/feeds/snippets/8805781114218671102
b000ldqs9s,http://www.google.com/base/feeds/snippets/17666397403215916975
b0001xdysq,http://www.google.com/base/feeds/snippets/10775485982845096156
b000exu9ay,http://www.google.com/base/feeds/snippets/17823721749459533075
b000k6crb4,http://www.google.com/base/feeds/snippets/14783944613059032198
b000j5lgg8,http://www.google.com/base/feeds/snippets/18004448735840625942
b000hkim7q,http://www.google.com/base/feeds/snippets/17555720475076621347
b000ndibbo,http://www.google.com/base/feeds/snippets/16934204320953872944
b000bx0006,http://www.google.com/base/feeds/snippets/17214545032473425136
b000bx0006,http://www.google.com/base/feeds/snippets/4621582451171111860
b000922deu,http://www.google.com/base/feeds/snippets/17512159947329144136
b0001wn16m,http://www.google.com/base/feeds/snippets/14391445631859374347
b0001wn16m,http://www.google.com/base/feeds/snippets/18396633258112051350
b0001wn16m,http://www.google.com/base/feeds/snippets/18372325427432567642
b0001wn16m,http://www.google.com/base/feeds/snippets/10092468528845066077
b0002vcuzk,http://www.google.com/base/feeds/snippets/14443906686010295390
b00094oszk,http://www.google.com/base/feeds/snippets/17215854618313178923
b000b6kh38,http://www.google.com/base/feeds/snippets/18277398973089665313
b0009ftmj6,http://www.google.com/base/feeds/snippets/17244314871392617212
b000e3fn4g,http://www.google.com/base/feeds/snippets/9584209186514584056
b000e3fn4g,http://www.google.com/base/feeds/snippets/18391865764441158658
b000jgqt28,http://www.google.com/base/feeds/snippets/18282499725938188855
b0002mg5uk,http://www.google.com/base/feeds/snippets/1267940675828545901
b000pijt6i,http://www.google.com/base/feeds/snippets/16984572314608520314
b000ndibge,http://www.google.com/base/feeds/snippets/1227473479709404023
b000ivhlgc,http://www.google.com/base/feeds/snippets/16978988391209170797
b000fiejt0,http://www.google.com/base/feeds/snippets/2044788707045179226
b000mfqzoi,http://www.google.com/base/feeds/snippets/16972373098771212794
b00004ochi,http://www.google.com/base/feeds/snippets/9122006997888271580
b00004ochi,http://www.google.com/base/feeds/snippets/2954833753751672874
b00004ochi,http://www.google.com/base/feeds/snippets/8564521918031484066
b00004ochi,http://www.google.com/base/feeds/snippets/13869960802688221937
b000qd9f5w,http://www.google.com/base/feeds/snippets/16981277851522177810
b000tme1ke,http://www.google.com/base/feeds/snippets/16965466141678042659
b000lwfbem,http://www.google.com/base/feeds/snippets/6614738792097944479
b000lwfbem,http://www.google.com/base/feeds/snippets/18426249152153175425
b000lp6jky,http://www.google.com/base/feeds/snippets/908293428104495266
b000bp8alk,http://www.google.com/base/feeds/snippets/11465786913875583817
b000edjjhs,http://www.google.com/base/feeds/snippets/17033785854482020785
b000h2can6,http://www.google.com/base/feeds/snippets/866471509127749885
b000hbysc8,http://www.google.com/base/feeds/snippets/11343515411965421256
b000ndid44,http://www.google.com/base/feeds/snippets/1396058941659125307
b000ndid44,http://www.google.com/base/feeds/snippets/18415197771734313133
b0002w30e4,http://www.google.com/base/feeds/snippets/17020261670293385352
b000fzz77q,http://www.google.com/base/feeds/snippets/17008959831760960991
b0002ibev4,http://www.google.com/base/feeds/snippets/1887899244694755891
b000bckm46,http://www.google.com/base/feeds/snippets/17651580132908652894
b000bsf1iw,http://www.google.com/base/feeds/snippets/1366247437960571613
b0009affew,http://www.google.com/base/feeds/snippets/17165389585205797735
b000feygds,http://www.google.com/base/feeds/snippets/437358952274487020
b000oqjdna,http://www.google.com/base/feeds/snippets/17165631569540488376
b000emcays,http://www.google.com/base/feeds/snippets/727817609597268757
b00007m5vg,http://www.google.com/base/feeds/snippets/16901363491609477771
b000fkbhlg,http://www.google.com/base/feeds/snippets/725822618923623741
b000btac30,http://www.google.com/base/feeds/snippets/16883659993106723886
b000q1pyzo,http://www.google.com/base/feeds/snippets/16880028183560827373
b000i3g30k,http://www.google.com/base/feeds/snippets/13078719460791292222
b00007e8d4,http://www.google.com/base/feeds/snippets/16959392076941739015
b000byr41s,http://www.google.com/base/feeds/snippets/825708128584676723
b000b6n2oe,http://www.google.com/base/feeds/snippets/848125606533600340
b000frs438,http://www.google.com/base/feeds/snippets/16940097910559500208
b000gcbov6,http://www.google.com/base/feeds/snippets/779838933309218814
b000gcgq82,http://www.google.com/base/feeds/snippets/16921328283361819228
b000hcu7b8,http://www.google.com/base/feeds/snippets/16917437492135092265
b000h27puo,http://www.google.com/base/feeds/snippets/747897289202016262
b000gcd6qc,http://www.google.com/base/feeds/snippets/17053187920066498620
b000exs456,http://www.google.com/base/feeds/snippets/7954126691882273345
b00029rapc,http://www.google.com/base/feeds/snippets/17059526546034030562
b000ag5sb0,http://www.google.com/base/feeds/snippets/12546664403196501542
b0000dk573,http://www.google.com/base/feeds/snippets/17077922689318325801
b000oajy8a,http://www.google.com/base/feeds/snippets/7354148618116652287
b000in351k,http://www.google.com/base/feeds/snippets/17079453403984087719
b000bdezfw,http://www.google.com/base/feeds/snippets/18431383104785501737
b000ovnlxs,http://www.google.com/base/feeds/snippets/12398024089660412056
b000jx5nm8,http://www.google.com/base/feeds/snippets/17083097999546756325
b0001fyrqc,http://www.google.com/base/feeds/snippets/16246834342456901109
b0001fyrqc,http://www.google.com/base/feeds/snippets/7062936722155279808
b0001fyrqc,http://www.google.com/base/feeds/snippets/5976779863499710865
b000ej9w0g,http://www.google.com/base/feeds/snippets/528675562457283213
b0002e3lpk,http://www.google.com/base/feeds/snippets/3815040086805205738
b000056b63,http://www.google.com/base/feeds/snippets/17180557293748751234
b000ro5o78,http://www.google.com/base/feeds/snippets/13009872890401668351
b000ro5o78,http://www.google.com/base/feeds/snippets/4827955808966376315
b000ro5o78,http://www.google.com/base/feeds/snippets/18370662348326877910
b000in35ho,http://www.google.com/base/feeds/snippets/17101910436938629162
b000fc4du6,http://www.google.com/base/feeds/snippets/534612205120966482
b000h2421o,http://www.google.com/base/feeds/snippets/17262070833319550928
b000gb1xfo,http://www.google.com/base/feeds/snippets/5068947095089747483
b000lff13k,http://www.google.com/base/feeds/snippets/201121512151694259
b000lff13k,http://www.google.com/base/feeds/snippets/17709309145330542949
b000gb0m7y,http://www.google.com/base/feeds/snippets/15318442980556593434
b000bcgf9m,http://www.google.com/base/feeds/snippets/17137407106136957809
b000gaywoe,http://www.google.com/base/feeds/snippets/1263381651905806931
b000nknaze,http://www.google.com/base/feeds/snippets/17094758357141692240
b000i5wcp8,http://www.google.com/base/feeds/snippets/11018448213893210660
b000ivkrww,http://www.google.com/base/feeds/snippets/4158738238286203856
b000ivkrww,http://www.google.com/base/feeds/snippets/18393792313881524360
b000ivkrww,http://www.google.com/base/feeds/snippets/747800619686534084
b0000c4m1w,http://www.google.com/base/feeds/snippets/17149576701498164512
b000i8od3y,http://www.google.com/base/feeds/snippets/576657957503096211
b000oahvl2,http://www.google.com/base/feeds/snippets/1341133658694254112
b0000c7fpt,http://www.google.com/base/feeds/snippets/17175991674191849246
b0009jgv6o,http://www.google.com/base/feeds/snippets/171336667164499787
b0009eu0ca,http://www.google.com/base/feeds/snippets/12931942175551075589
b000hcqqmc,http://www.google.com/base/feeds/snippets/17192874868577413898
b000fj16ou,http://www.google.com/base/feeds/snippets/17192736847409473684
b00006sijr,http://www.google.com/base/feeds/snippets/5585715428749582523
b00006sijr,http://www.google.com/base/feeds/snippets/6247936198343071793
b00006sijr,http://www.google.com/base/feeds/snippets/13589207002001810856
b00006sijr,http://www.google.com/base/feeds/snippets/10621416214836586442
b000h229fa,http://www.google.com/base/feeds/snippets/17185994271384879488
b000in8n30,http://www.google.com/base/feeds/snippets/11216712001773264822
b000in8n30,http://www.google.com/base/feeds/snippets/4377533611520192512
b000j00xeo,http://www.google.com/base/feeds/snippets/8524288977169655479
b000ndicqi,http://www.google.com/base/feeds/snippets/9647142668602200141
b0009jearq,http://www.google.com/base/feeds/snippets/17196507061828599304
b000067fk7,http://www.google.com/base/feeds/snippets/3785999369106891548
b000067fk7,http://www.google.com/base/feeds/snippets/22081347244611883
b000067fk7,http://www.google.com/base/feeds/snippets/8900923119664778651
b000067fk7,http://www.google.com/base/feeds/snippets/1832664201831888645
b000ijngeu,http://www.google.com/base/feeds/snippets/17208172489316783816
b000aoz7ko,http://www.google.com/base/feeds/snippets/153037367930985749
b000bsf02e,http://www.google.com/base/feeds/snippets/7475984506445353918
b000ro7h3w,http://www.google.com/base/feeds/snippets/13792413550965266630
b000ro7h3w,http://www.google.com/base/feeds/snippets/2783290587760886650
b00002s6sc,http://www.google.com/base/feeds/snippets/14941513108998426217
b00002s6sc,http://www.google.com/base/feeds/snippets/6908558013988135436
b00002s6sc,http://www.google.com/base/feeds/snippets/10496277297966281940
b00002s6sc,http://www.google.com/base/feeds/snippets/11023384475486845617
b000v7pf3o,http://www.google.com/base/feeds/snippets/17249871924749189514
b000ihxad4,http://www.google.com/base/feeds/snippets/2854532146016566771
b00006sijq,http://www.google.com/base/feeds/snippets/12017561125627261759
b00006sijq,http://www.google.com/base/feeds/snippets/14902598566526934218
b00006sijq,http://www.google.com/base/feeds/snippets/4886380100862625819
b00006sijq,http://www.google.com/base/feeds/snippets/10706956263145211695
b000o27rgy,http://www.google.com/base/feeds/snippets/3109934347512360013
b00009k780,http://www.google.com/base/feeds/snippets/17261970023689791051
b00006jo4g,http://www.google.com/base/feeds/snippets/16080101328048625984
b00006jo4g,http://www.google.com/base/feeds/snippets/17983103067016649420
b00006jo4g,http://www.google.com/base/feeds/snippets/10206096308013781162
b00006jo4g,http://www.google.com/base/feeds/snippets/15933205235519328818
b00006jo4g,http://www.google.com/base/feeds/snippets/17694493073700371269
b000v7y5j4,http://www.google.com/base/feeds/snippets/17269511268099992892
b000f7bps4,http://www.google.com/base/feeds/snippets/12516109834871224117
b000gkxmea,http://www.google.com/base/feeds/snippets/17230198637846961402
b000gwfgqk,http://www.google.com/base/feeds/snippets/13692542638505368471
b00006h3dw,http://www.google.com/base/feeds/snippets/17252201200051627446
b000gkshi6,http://www.google.com/base/feeds/snippets/16952776452110398384
b000gkshi6,http://www.google.com/base/feeds/snippets/8354689508970608357
b000oftj8u,http://www.google.com/base/feeds/snippets/4224056639442959853
b000oftj8u,http://www.google.com/base/feeds/snippets/13461495034626913881
b000bd1ad2,http://www.google.com/base/feeds/snippets/17267430885978125860
b00007g3ai,http://www.google.com/base/feeds/snippets/10901373095934236651
b00007g3ai,http://www.google.com/base/feeds/snippets/15756558104583624199
b00007g3ai,http://www.google.com/base/feeds/snippets/11265957088683077055
b00007g3ai,http://www.google.com/base/feeds/snippets/2519306436830554150
b0001mbatc,http://www.google.com/base/feeds/snippets/17075992384109050018
b0009hj5ve,http://www.google.com/base/feeds/snippets/904752907591542149
b0009hj5ve,http://www.google.com/base/feeds/snippets/5100323510083618710
b0009hj5ve,http://www.google.com/base/feeds/snippets/4036053921422681767
b0009hj5ve,http://www.google.com/base/feeds/snippets/17031778429388398652
b000063v0z,http://www.google.com/base/feeds/snippets/3325089562849958903
b000o39qyo,http://www.google.com/base/feeds/snippets/17273913360738156669
b000k757w4,http://www.google.com/base/feeds/snippets/17265475148454123541
b000e65hki,http://www.google.com/base/feeds/snippets/11050991040966629398
b000p4v8am,http://www.google.com/base/feeds/snippets/17411076438303340250
b000v809mk,http://www.google.com/base/feeds/snippets/17424435152951418977
b000v7vz2e,http://www.google.com/base/feeds/snippets/17926987006913487270
b000hlt55i,http://www.google.com/base/feeds/snippets/17411408037622367354
b0009yn1ks,http://www.google.com/base/feeds/snippets/17450858518393943272
b000fabege,http://www.google.com/base/feeds/snippets/17453864721509833307
b000ezmxcy,http://www.google.com/base/feeds/snippets/17440820469218114890
b00008wiww,http://www.google.com/base/feeds/snippets/2096220602293961985
b000skvy20,http://www.google.com/base/feeds/snippets/11359745283620291559
b000j1h08k,http://www.google.com/base/feeds/snippets/17943324820292919047
b000hhvb5e,http://www.google.com/base/feeds/snippets/2651646167662758246
b000hi1i2e,http://www.google.com/base/feeds/snippets/2084347887571442067
b000b6jasg,http://www.google.com/base/feeds/snippets/17471276055285923188
b000gamysk,http://www.google.com/base/feeds/snippets/17641037628832356751
b000jx3mx0,http://www.google.com/base/feeds/snippets/18142071205016449884
b000twz14o,http://www.google.com/base/feeds/snippets/17467141222535233488
b000lozewy,http://www.google.com/base/feeds/snippets/17477502346334387395
b000i7zabo,http://www.google.com/base/feeds/snippets/17479437813216357894
b000hkpfje,http://www.google.com/base/feeds/snippets/17501757616782483517
b00004t2un,http://www.google.com/base/feeds/snippets/17501987182659378619
b000v7riie,http://www.google.com/base/feeds/snippets/17523098183862840727
b00005v55b,http://www.google.com/base/feeds/snippets/18011756922272923721
b00005v55b,http://www.google.com/base/feeds/snippets/12732181672723754930
b00065hjvc,http://www.google.com/base/feeds/snippets/17535862274044952617
b000nkpf7k,http://www.google.com/base/feeds/snippets/17506547254238780201
b000jx5rz6,http://www.google.com/base/feeds/snippets/17634318125830822917
b000ndo7n0,http://www.google.com/base/feeds/snippets/17544063525352738794
b000gcgqvy,http://www.google.com/base/feeds/snippets/17456162504360585884
1931102953,http://www.google.com/base/feeds/snippets/12729065138733783657
b0000yebre,http://www.google.com/base/feeds/snippets/4921806606938865897
b000egidpy,http://www.google.com/base/feeds/snippets/5558998293398547766
b000gpsz42,http://www.google.com/base/feeds/snippets/17546591632033422235
b000i84dum,http://www.google.com/base/feeds/snippets/17544872940647061920
b000hus51e,http://www.google.com/base/feeds/snippets/17827472274973329884
b000bb7fjw,http://www.google.com/base/feeds/snippets/17614065814468597783
b000bgtvbc,http://www.google.com/base/feeds/snippets/15661314377252665074
b000v7vz1u,http://www.google.com/base/feeds/snippets/17615743519264436737
b0007m69s8,http://www.google.com/base/feeds/snippets/17998064550570873069
b000051sgq,http://www.google.com/base/feeds/snippets/17588771746186862436
b000rhdusa,http://www.google.com/base/feeds/snippets/17582660229215283000
b000rhdusa,http://www.google.com/base/feeds/snippets/11927579066669830952
b000jx5shs,http://www.google.com/base/feeds/snippets/17578507241939502542
b000ezmxz6,http://www.google.com/base/feeds/snippets/18127050167172376780
b000v9yxj4,http://www.google.com/base/feeds/snippets/17521446718236049500
b000pienka,http://www.google.com/base/feeds/snippets/17520994730465780544
b000fb9w3a,http://www.google.com/base/feeds/snippets/17941162981056466173
b000szyqam,http://www.google.com/base/feeds/snippets/18111145490199629534
b000jx84va,http://www.google.com/base/feeds/snippets/17836395815164917371
b000nkklwy,http://www.google.com/base/feeds/snippets/18277858650749573891
b000in6tnq,http://www.google.com/base/feeds/snippets/18251424810598585817
b000iflerk,http://www.google.com/base/feeds/snippets/17776155287333548087
b000exu99k,http://www.google.com/base/feeds/snippets/17647670175814866187
b000kmaa8a,http://www.google.com/base/feeds/snippets/17648688592984612014
b000lptgc2,http://www.google.com/base/feeds/snippets/17624778694912125664
b00005auzh,http://www.google.com/base/feeds/snippets/17640225934406949646
b000ndibhi,http://www.google.com/base/feeds/snippets/8042583218932085904
b00005rd70,http://www.google.com/base/feeds/snippets/17691332503246508957
b0000cdvuh,http://www.google.com/base/feeds/snippets/17695920349455995837
b000rsk7k8,http://www.google.com/base/feeds/snippets/17663334954312320904
b0009x6qew,http://www.google.com/base/feeds/snippets/18305953820307083661
b000tdgyks,http://www.google.com/base/feeds/snippets/17686732625070159576
b000pihtbk,http://www.google.com/base/feeds/snippets/18037480601440105621
b000pihtbk,http://www.google.com/base/feeds/snippets/9522193715675586199
b0002yiuns,http://www.google.com/base/feeds/snippets/17602054056835540213
b000in8mj0,http://www.google.com/base/feeds/snippets/17707372056830171464
b000cs3s2c,http://www.google.com/base/feeds/snippets/17715266298340609214
b00005bigp,http://www.google.com/base/feeds/snippets/17738870551709614779
b000h1df7w,http://www.google.com/base/feeds/snippets/17737819843616715912
b000p9cr66,http://www.google.com/base/feeds/snippets/17724977097925207764
b000p9cr66,http://www.google.com/base/feeds/snippets/13212739364324191667
b000j588g4,http://www.google.com/base/feeds/snippets/17733079574233143461